"A_Type","R_Type","R_Type2","A_Type2","cluster_id","ID","sample"
"ACTTTCTAATCA",1,1,"H1","H1",1,"ACTTTCTAATCA","ACTTTCTAATCA"
"GAGAGAAAACCT",2,NA,"BJ","BJ",2,"GAGAGAAAACCT","GAGAGAAAACCT"
"TACGGCTGTTAT",3,NA,"K562","K562",3,"TACGGCTGTTAT","TACGGCTGTTAT"
"GACGCGTAAGTG",1,1,"H1","H1",1,"GACGCGTAAGTG","GACGCGTAAGTG"
"GAAAGGACTGCA",1,1,"H1","H1",1,"GAAAGGACTGCA","GAAAGGACTGCA"
"TGACCTGGATAA",1,1,"H1","H1",1,"TGACCTGGATAA","TGACCTGGATAA"
"ACTCCGTTCACT",1,1,"H1","H1",1,"ACTCCGTTCACT","ACTCCGTTCACT"
"TAGGTAGCGCGC",1,1,"H1","H1",1,"TAGGTAGCGCGC","TAGGTAGCGCGC"
"CTCTACCCTTCA",1,1,"H1","H1",1,"CTCTACCCTTCA","CTCTACCCTTCA"
"GCCCGTTATCTG",1,1,"H1","H1",1,"GCCCGTTATCTG","GCCCGTTATCTG"
"TTCTCGCCGTAA",1,1,"H1","H1",1,"TTCTCGCCGTAA","TTCTCGCCGTAA"
"GCATGACATATA",2,3,"BJ","BJ",2,"GCATGACATATA","GCATGACATATA"
"GAAATTTATTAG",1,1,"H1","H1",1,"GAAATTTATTAG","GAAATTTATTAG"
"CGTCCACGCTTT",2,3,"BJ","BJ",2,"CGTCCACGCTTT","CGTCCACGCTTT"
"CTCTGTTCGTCG",1,1,"H1","H1",1,"CTCTGTTCGTCG","CTCTGTTCGTCG"
"GGTCCAAAAGCC",2,3,"BJ","BJ",2,"GGTCCAAAAGCC","GGTCCAAAAGCC"
"TAAAACTTCATA",1,1,"H1","H1",1,"TAAAACTTCATA","TAAAACTTCATA"
"AGAGCCAAGCAC",3,NA,"K562","K562",3,"AGAGCCAAGCAC","AGAGCCAAGCAC"
"TATTTCCAATAA",1,1,"H1","H1",1,"TATTTCCAATAA","TATTTCCAATAA"
"TTTGCCTGCTGT",1,1,"H1","H1",1,"TTTGCCTGCTGT","TTTGCCTGCTGT"
"CGTCCTGAGCTT",1,1,"H1","H1",1,"CGTCCTGAGCTT","CGTCCTGAGCTT"
"TGTGCATGTAAC",1,1,"H1","H1",1,"TGTGCATGTAAC","TGTGCATGTAAC"
"AGCGTATACTAA",2,3,"BJ","BJ",2,"AGCGTATACTAA","AGCGTATACTAA"
"AAATTCAGGCGG",1,1,"H1","H1",1,"AAATTCAGGCGG","AAATTCAGGCGG"
"ACCCTGTATTAC",1,1,"H1","H1",1,"ACCCTGTATTAC","ACCCTGTATTAC"
"CATCTATCAAGG",1,1,"H1","H1",1,"CATCTATCAAGG","CATCTATCAAGG"
"GTCAAGCACCGC",2,3,"BJ","BJ",2,"GTCAAGCACCGC","GTCAAGCACCGC"
"AGGGCGTTGTAG",1,1,"H1","H1",1,"AGGGCGTTGTAG","AGGGCGTTGTAG"
"AAATCGATGAAT",1,1,"H1","H1",1,"AAATCGATGAAT","AAATCGATGAAT"
"TTTTCCGCCACC",2,3,"BJ","BJ",2,"TTTTCCGCCACC","TTTTCCGCCACC"
"GGGTTCCTTCTT",3,NA,"K562","K562",3,"GGGTTCCTTCTT","GGGTTCCTTCTT"
"TAAACTCCGTCT",1,1,"H1","H1",1,"TAAACTCCGTCT","TAAACTCCGTCT"
"ATAAAGAACATC",1,1,"H1","H1",1,"ATAAAGAACATC","ATAAAGAACATC"
"ATGGTTTGTCCA",1,1,"H1","H1",1,"ATGGTTTGTCCA","ATGGTTTGTCCA"
"GTGCCCTCTTTT",2,3,"BJ","BJ",2,"GTGCCCTCTTTT","GTGCCCTCTTTT"
"GTCTCGCAGGTT",2,3,"BJ","BJ",2,"GTCTCGCAGGTT","GTCTCGCAGGTT"
"CGCGCACTCGAT",3,NA,"K562","K562",3,"CGCGCACTCGAT","CGCGCACTCGAT"
"ACGGCCTCCAAA",1,1,"H1","H1",1,"ACGGCCTCCAAA","ACGGCCTCCAAA"
"CATGAAAGTTGA",1,1,"H1","H1",1,"CATGAAAGTTGA","CATGAAAGTTGA"
"CATGTCGCCTGA",2,3,"BJ","BJ",2,"CATGTCGCCTGA","CATGTCGCCTGA"
"CTGTACTAGAAG",1,1,"H1","H1",1,"CTGTACTAGAAG","CTGTACTAGAAG"
"ATCTCGTGGTGC",2,3,"BJ","BJ",2,"ATCTCGTGGTGC","ATCTCGTGGTGC"
"GCACCATCATCA",1,1,"H1","H1",1,"GCACCATCATCA","GCACCATCATCA"
"CTATCATTAAAT",2,3,"BJ","BJ",2,"CTATCATTAAAT","CTATCATTAAAT"
"TGAGGCGATGAC",1,1,"H1","H1",1,"TGAGGCGATGAC","TGAGGCGATGAC"
"ATAAACAGCTGC",1,1,"H1","H1",1,"ATAAACAGCTGC","ATAAACAGCTGC"
"GCCCCGAGTGGT",2,3,"BJ","BJ",2,"GCCCCGAGTGGT","GCCCCGAGTGGT"
"TTCCTTTCGTGC",1,1,"H1","H1",1,"TTCCTTTCGTGC","TTCCTTTCGTGC"
"ACGCCCGGTACA",2,3,"BJ","BJ",2,"ACGCCCGGTACA","ACGCCCGGTACA"
"AGTCATCAATTC",1,1,"H1","H1",1,"AGTCATCAATTC","AGTCATCAATTC"
"ACTCCTATACCC",1,1,"H1","H1",1,"ACTCCTATACCC","ACTCCTATACCC"
"TCTCCGTTCCGC",2,3,"BJ","BJ",2,"TCTCCGTTCCGC","TCTCCGTTCCGC"
"TCATGAGTTCCG",1,1,"H1","H1",1,"TCATGAGTTCCG","TCATGAGTTCCG"
"AAGTCGATCAAC",1,1,"H1","H1",1,"AAGTCGATCAAC","AAGTCGATCAAC"
"GTATTATTATCT",1,1,"H1","H1",1,"GTATTATTATCT","GTATTATTATCT"
"CGCACTATCTTC",1,NA,"H1","H1",1,"CGCACTATCTTC","CGCACTATCTTC"
"TACGAATACCTC",1,1,"H1","H1",1,"TACGAATACCTC","TACGAATACCTC"
"ACTTGGTTCAAG",2,3,"BJ","BJ",2,"ACTTGGTTCAAG","ACTTGGTTCAAG"
"CTCACCATACGG",2,3,"BJ","BJ",2,"CTCACCATACGG","CTCACCATACGG"
"TTCATTGAGCAT",1,1,"H1","H1",1,"TTCATTGAGCAT","TTCATTGAGCAT"
"ATCACGGTCCAC",1,1,"H1","H1",1,"ATCACGGTCCAC","ATCACGGTCCAC"
"CACGATTTTACT",1,1,"H1","H1",1,"CACGATTTTACT","CACGATTTTACT"
"GACAAACCCGCA",3,NA,"K562","K562",3,"GACAAACCCGCA","GACAAACCCGCA"
"AGACGAATCTAA",2,3,"BJ","BJ",2,"AGACGAATCTAA","AGACGAATCTAA"
"CCGATCATAAGA",3,NA,"K562","K562",3,"CCGATCATAAGA","CCGATCATAAGA"
"TCTCGACGCTTG",2,3,"BJ","BJ",2,"TCTCGACGCTTG","TCTCGACGCTTG"
"AGTTTTAGATTA",3,NA,"K562","K562",3,"AGTTTTAGATTA","AGTTTTAGATTA"
"CGAGTAAATATC",4,NA,"GM","GM",4,"CGAGTAAATATC","CGAGTAAATATC"
"ATTGCTTTCTGT",1,1,"H1","H1",1,"ATTGCTTTCTGT","ATTGCTTTCTGT"
"GACGGATGTCAA",4,NA,"GM","GM",4,"GACGGATGTCAA","GACGGATGTCAA"
"GAAGCATAAGCC",1,1,"H1","H1",1,"GAAGCATAAGCC","GAAGCATAAGCC"
"CCTACGGGTCAT",1,NA,"H1","H1",1,"CCTACGGGTCAT","CCTACGGGTCAT"
"GATTGGACCATT",1,1,"H1","H1",1,"GATTGGACCATT","GATTGGACCATT"
"GCCCGATCGTTC",1,1,"H1","H1",1,"GCCCGATCGTTC","GCCCGATCGTTC"
"TAGTAAGGCACT",1,1,"H1","H1",1,"TAGTAAGGCACT","TAGTAAGGCACT"
"CGCGTTTTTATA",1,1,"H1","H1",1,"CGCGTTTTTATA","CGCGTTTTTATA"
"GTCAGATTGCCT",1,NA,"H1","H1",1,"GTCAGATTGCCT","GTCAGATTGCCT"
"CACAACCGGTCT",1,1,"H1","H1",1,"CACAACCGGTCT","CACAACCGGTCT"
"TCCCCCTCGGCT",2,3,"BJ","BJ",2,"TCCCCCTCGGCT","TCCCCCTCGGCT"
"AGCTCGATTAAA",2,3,"BJ","BJ",2,"AGCTCGATTAAA","AGCTCGATTAAA"
"TAGTGATTGTTC",2,3,"BJ","BJ",2,"TAGTGATTGTTC","TAGTGATTGTTC"
"TACTCGTTACCT",2,3,"BJ","BJ",2,"TACTCGTTACCT","TACTCGTTACCT"
"CGACAGTGAGTC",1,1,"H1","H1",1,"CGACAGTGAGTC","CGACAGTGAGTC"
"GCTGACCGTCTC",2,3,"BJ","BJ",2,"GCTGACCGTCTC","GCTGACCGTCTC"
"TTAACGCCTACC",2,3,"BJ","BJ",2,"TTAACGCCTACC","TTAACGCCTACC"
"CGCCACGTCCCT",2,3,"BJ","BJ",2,"CGCCACGTCCCT","CGCCACGTCCCT"
"TGCCGGTTGTTC",2,3,"BJ","BJ",2,"TGCCGGTTGTTC","TGCCGGTTGTTC"
"TTCTAGGCCCGT",1,1,"H1","H1",1,"TTCTAGGCCCGT","TTCTAGGCCCGT"
"ATCAACTAGAAT",1,1,"H1","H1",1,"ATCAACTAGAAT","ATCAACTAGAAT"
"GCCCATCCTTCC",1,1,"H1","H1",1,"GCCCATCCTTCC","GCCCATCCTTCC"
"GCAGTATCTCAA",1,1,"H1","H1",1,"GCAGTATCTCAA","GCAGTATCTCAA"
"ATTGACCTTTTC",1,1,"H1","H1",1,"ATTGACCTTTTC","ATTGACCTTTTC"
"GACGTATATGCC",1,1,"H1","H1",1,"GACGTATATGCC","GACGTATATGCC"
"ATACGACGATTC",3,NA,"K562","K562",3,"ATACGACGATTC","ATACGACGATTC"
"CCCGACTCTCTA",1,1,"H1","H1",1,"CCCGACTCTCTA","CCCGACTCTCTA"
"ACCGTTAGTGAC",1,1,"H1","H1",1,"ACCGTTAGTGAC","ACCGTTAGTGAC"
"CGGCGCTTGCAC",2,3,"BJ","BJ",2,"CGGCGCTTGCAC","CGGCGCTTGCAC"
"CTCCTAGCCGTA",1,1,"H1","H1",1,"CTCCTAGCCGTA","CTCCTAGCCGTA"
"GCGTCAAAGCGA",1,1,"H1","H1",1,"GCGTCAAAGCGA","GCGTCAAAGCGA"
"AGGTGTGTGTCC",1,1,"H1","H1",1,"AGGTGTGTGTCC","AGGTGTGTGTCC"
"GCAACGCCCGCC",2,3,"BJ","BJ",2,"GCAACGCCCGCC","GCAACGCCCGCC"
"AGTGGATCGCGT",2,3,"BJ","BJ",2,"AGTGGATCGCGT","AGTGGATCGCGT"
"ACAGAGAGGACA",2,3,"BJ","BJ",2,"ACAGAGAGGACA","ACAGAGAGGACA"
"TTCTGGACATGC",2,3,"BJ","BJ",2,"TTCTGGACATGC","TTCTGGACATGC"
"GCAGAACGCGGT",1,1,"H1","H1",1,"GCAGAACGCGGT","GCAGAACGCGGT"
"GCTCCTATGATA",3,NA,"K562","K562",3,"GCTCCTATGATA","GCTCCTATGATA"
"ATCCTCTTACAT",1,1,"H1","H1",1,"ATCCTCTTACAT","ATCCTCTTACAT"
"GGCTAAACGTAT",2,3,"BJ","BJ",2,"GGCTAAACGTAT","GGCTAAACGTAT"
"ATTTCGCACGTT",2,3,"BJ","BJ",2,"ATTTCGCACGTT","ATTTCGCACGTT"
"GGTATACTGATC",1,1,"H1","H1",1,"GGTATACTGATC","GGTATACTGATC"
"CGTAACGGATCA",2,3,"BJ","BJ",2,"CGTAACGGATCA","CGTAACGGATCA"
"CCGGCATTCTCG",2,3,"BJ","BJ",2,"CCGGCATTCTCG","CCGGCATTCTCG"
"TTGCCTGCATTC",2,3,"BJ","BJ",2,"TTGCCTGCATTC","TTGCCTGCATTC"
"GTGGAGCTGTAA",1,1,"H1","H1",1,"GTGGAGCTGTAA","GTGGAGCTGTAA"
"GCATTTCGAACC",2,3,"BJ","BJ",2,"GCATTTCGAACC","GCATTTCGAACC"
"GCCTTCTGTGGC",1,1,"H1","H1",1,"GCCTTCTGTGGC","GCCTTCTGTGGC"
"GGACGGTGCGTC",3,NA,"K562","K562",3,"GGACGGTGCGTC","GGACGGTGCGTC"
"ACGTCATCCGTA",3,NA,"K562","K562",3,"ACGTCATCCGTA","ACGTCATCCGTA"
"TGATCCGGACTT",1,1,"H1","H1",1,"TGATCCGGACTT","TGATCCGGACTT"
"CAGCAGTGAGAA",3,NA,"K562","K562",3,"CAGCAGTGAGAA","CAGCAGTGAGAA"
"CCCTTGTCATAA",1,1,"H1","H1",1,"CCCTTGTCATAA","CCCTTGTCATAA"
"AGTCTCCTACTC",2,3,"BJ","BJ",2,"AGTCTCCTACTC","AGTCTCCTACTC"
"CAAAGGGCACTA",2,3,"BJ","BJ",2,"CAAAGGGCACTA","CAAAGGGCACTA"
"AAACCATTCTTC",2,3,"BJ","BJ",2,"AAACCATTCTTC","AAACCATTCTTC"
"GTGTTCGTCACC",2,3,"BJ","BJ",2,"GTGTTCGTCACC","GTGTTCGTCACC"
"AAGGCTGGTGAC",1,NA,"H1","H1",1,"AAGGCTGGTGAC","AAGGCTGGTGAC"
"CTTCAAACTCCC",1,NA,"H1","H1",1,"CTTCAAACTCCC","CTTCAAACTCCC"
"GCGCCATGTCCC",3,NA,"K562","K562",3,"GCGCCATGTCCC","GCGCCATGTCCC"
"GGTGGTGAGTAT",1,1,"H1","H1",1,"GGTGGTGAGTAT","GGTGGTGAGTAT"
"CCCAACATGGAT",3,NA,"K562","K562",3,"CCCAACATGGAT","CCCAACATGGAT"
"CCACGGAGACAA",2,3,"BJ","BJ",2,"CCACGGAGACAA","CCACGGAGACAA"
"TTCCTTTCGGTA",1,1,"H1","H1",1,"TTCCTTTCGGTA","TTCCTTTCGGTA"
"ACTTACCTACCC",2,3,"BJ","BJ",2,"ACTTACCTACCC","ACTTACCTACCC"
"CTGAGTCCAACA",2,NA,"BJ","BJ",2,"CTGAGTCCAACA","CTGAGTCCAACA"
"GTGAGTCAGCCT",2,3,"BJ","BJ",2,"GTGAGTCAGCCT","GTGAGTCAGCCT"
"GTGCTTATAGTC",2,3,"BJ","BJ",2,"GTGCTTATAGTC","GTGCTTATAGTC"
"GTGTATTAGGTT",1,NA,"H1","H1",1,"GTGTATTAGGTT","GTGTATTAGGTT"
"GCTGGCCGTTGA",2,3,"BJ","BJ",2,"GCTGGCCGTTGA","GCTGGCCGTTGA"
"CCCCCCTGGGCT",2,3,"BJ","BJ",2,"CCCCCCTGGGCT","CCCCCCTGGGCT"
"AAAACACTCCTG",2,3,"BJ","BJ",2,"AAAACACTCCTG","AAAACACTCCTG"
"ACCAGACCCTAT",1,1,"H1","H1",1,"ACCAGACCCTAT","ACCAGACCCTAT"
"CGATCATGGTCC",2,3,"BJ","BJ",2,"CGATCATGGTCC","CGATCATGGTCC"
"ACTCATAACTAG",1,1,"H1","H1",1,"ACTCATAACTAG","ACTCATAACTAG"
"CTGGATGAGCCC",2,3,"BJ","BJ",2,"CTGGATGAGCCC","CTGGATGAGCCC"
"AGCCTTAGAACA",2,3,"BJ","BJ",2,"AGCCTTAGAACA","AGCCTTAGAACA"
"ACAATACGCGAG",1,1,"H1","H1",1,"ACAATACGCGAG","ACAATACGCGAG"
"AACTTGGGACTT",2,3,"BJ","BJ",2,"AACTTGGGACTT","AACTTGGGACTT"
"TGGCCGATGGGA",2,3,"BJ","BJ",2,"TGGCCGATGGGA","TGGCCGATGGGA"
"CTCCTTATCCCA",2,3,"BJ","BJ",2,"CTCCTTATCCCA","CTCCTTATCCCA"
"AGCCCCTCACGC",2,3,"BJ","BJ",2,"AGCCCCTCACGC","AGCCCCTCACGC"
"TTCAGTTGTCTT",3,NA,"K562","K562",3,"TTCAGTTGTCTT","TTCAGTTGTCTT"
"GTGGCCCTCACC",1,1,"H1","H1",1,"GTGGCCCTCACC","GTGGCCCTCACC"
"GGGCTCCACCAT",1,NA,"H1","H1",1,"GGGCTCCACCAT","GGGCTCCACCAT"
"GTGATCGCTGGA",1,1,"H1","H1",1,"GTGATCGCTGGA","GTGATCGCTGGA"
"AATGCCAGACTA",1,1,"H1","H1",1,"AATGCCAGACTA","AATGCCAGACTA"
"AATGTAGTCTCT",2,3,"BJ","BJ",2,"AATGTAGTCTCT","AATGTAGTCTCT"
"CTTTATCAAAAA",1,1,"H1","H1",1,"CTTTATCAAAAA","CTTTATCAAAAA"
"TACCCCCGTATC",1,1,"H1","H1",1,"TACCCCCGTATC","TACCCCCGTATC"
"TCAAGAATTGAA",2,3,"BJ","BJ",2,"TCAAGAATTGAA","TCAAGAATTGAA"
"TCCAGCCAAGGA",2,3,"BJ","BJ",2,"TCCAGCCAAGGA","TCCAGCCAAGGA"
"CAGCTTCTCGAA",2,3,"BJ","BJ",2,"CAGCTTCTCGAA","CAGCTTCTCGAA"
"CTGCCAAGACTC",2,3,"BJ","BJ",2,"CTGCCAAGACTC","CTGCCAAGACTC"
"AAACCGGATATC",2,3,"BJ","BJ",2,"AAACCGGATATC","AAACCGGATATC"
"TGCACTATCCTT",2,3,"BJ","BJ",2,"TGCACTATCCTT","TGCACTATCCTT"
"TAGGTAACTAGC",2,3,"BJ","BJ",2,"TAGGTAACTAGC","TAGGTAACTAGC"
"ACCCTAATTTAA",2,3,"BJ","BJ",2,"ACCCTAATTTAA","ACCCTAATTTAA"
"GATGTCACCAAC",1,NA,"H1","H1",1,"GATGTCACCAAC","GATGTCACCAAC"
"TGGAAAAGGTTT",2,3,"BJ","BJ",2,"TGGAAAAGGTTT","TGGAAAAGGTTT"
"CGCTATTTGCTA",1,1,"H1","H1",1,"CGCTATTTGCTA","CGCTATTTGCTA"
"TGAGGCGCAACC",2,3,"BJ","BJ",2,"TGAGGCGCAACC","TGAGGCGCAACC"
"GACCCGGACGAG",1,1,"H1","H1",1,"GACCCGGACGAG","GACCCGGACGAG"
"AACTAGCCAAAG",1,1,"H1","H1",1,"AACTAGCCAAAG","AACTAGCCAAAG"
"ACGCTTATGACC",3,NA,"K562","K562",3,"ACGCTTATGACC","ACGCTTATGACC"
"CCGACGAAGGTT",2,3,"BJ","BJ",2,"CCGACGAAGGTT","CCGACGAAGGTT"
"CCAAAGTGTACC",2,3,"BJ","BJ",2,"CCAAAGTGTACC","CCAAAGTGTACC"
"GCTCCAGCCGGA",1,1,"H1","H1",1,"GCTCCAGCCGGA","GCTCCAGCCGGA"
"GTTATATACGAC",1,NA,"H1","H1",1,"GTTATATACGAC","GTTATATACGAC"
"TACCAAAACATT",1,NA,"H1","H1",1,"TACCAAAACATT","TACCAAAACATT"
"AAACATCCCAGC",4,NA,"GM","GM",4,"AAACATCCCAGC","AAACATCCCAGC"
"AACCTTGGTCTC",3,NA,"K562","K562",3,"AACCTTGGTCTC","AACCTTGGTCTC"
"AATGATTCTGGC",2,3,"BJ","BJ",2,"AATGATTCTGGC","AATGATTCTGGC"
"AGCGTGTTTGAA",1,1,"H1","H1",1,"AGCGTGTTTGAA","AGCGTGTTTGAA"
"AATAAATCTATC",2,3,"BJ","BJ",2,"AATAAATCTATC","AATAAATCTATC"
"CGAAACGGAGGC",3,NA,"K562","K562",3,"CGAAACGGAGGC","CGAAACGGAGGC"
"TTCATGCCATGT",2,3,"BJ","BJ",2,"TTCATGCCATGT","TTCATGCCATGT"
"TAAGACTGCTAC",3,NA,"K562","K562",3,"TAAGACTGCTAC","TAAGACTGCTAC"
"TCGGCCTTTCCC",1,NA,"H1","H1",1,"TCGGCCTTTCCC","TCGGCCTTTCCC"
"ACTGCCTATGGA",2,3,"BJ","BJ",2,"ACTGCCTATGGA","ACTGCCTATGGA"
"ATTGGATGTGGT",1,1,"H1","H1",1,"ATTGGATGTGGT","ATTGGATGTGGT"
"GATAGTACCGAA",3,NA,"K562","K562",3,"GATAGTACCGAA","GATAGTACCGAA"
"CGAGGTGTTCGT",3,NA,"K562","K562",3,"CGAGGTGTTCGT","CGAGGTGTTCGT"
"GGTCTTTGTGCC",1,1,"H1","H1",1,"GGTCTTTGTGCC","GGTCTTTGTGCC"
"AAGGTCAGCGGC",3,NA,"K562","K562",3,"AAGGTCAGCGGC","AAGGTCAGCGGC"
"GTACCACTTCAC",1,1,"H1","H1",1,"GTACCACTTCAC","GTACCACTTCAC"
"GTACTGGGTCCC",1,NA,"H1","H1",1,"GTACTGGGTCCC","GTACTGGGTCCC"
"TTGAGTGAACTG",3,NA,"K562","K562",3,"TTGAGTGAACTG","TTGAGTGAACTG"
"GAATCCTCAGGC",1,1,"H1","H1",1,"GAATCCTCAGGC","GAATCCTCAGGC"
"GGGCGCGATTTC",2,3,"BJ","BJ",2,"GGGCGCGATTTC","GGGCGCGATTTC"
"GTATCGTCGGAT",1,1,"H1","H1",1,"GTATCGTCGGAT","GTATCGTCGGAT"
"AGGAGCCCCCGA",2,3,"BJ","BJ",2,"AGGAGCCCCCGA","AGGAGCCCCCGA"
"CGACACTTCCCC",3,NA,"K562","K562",3,"CGACACTTCCCC","CGACACTTCCCC"
"ACCAACCTCAGT",3,NA,"K562","K562",3,"ACCAACCTCAGT","ACCAACCTCAGT"
"GGTTCGGGATAC",1,1,"H1","H1",1,"GGTTCGGGATAC","GGTTCGGGATAC"
"TTGCCCGGGTGA",2,3,"BJ","BJ",2,"TTGCCCGGGTGA","TTGCCCGGGTGA"
"TATTCGCGGTGT",1,1,"H1","H1",1,"TATTCGCGGTGT","TATTCGCGGTGT"
"GAATTAGGCAAC",2,3,"BJ","BJ",2,"GAATTAGGCAAC","GAATTAGGCAAC"
"GGAGGATACTTA",1,1,"H1","H1",1,"GGAGGATACTTA","GGAGGATACTTA"
"CGAATCTTTCAC",2,3,"BJ","BJ",2,"CGAATCTTTCAC","CGAATCTTTCAC"
"GATGTACGCAAA",2,3,"BJ","BJ",2,"GATGTACGCAAA","GATGTACGCAAA"
"ACCCTGGAAACC",3,NA,"K562","K562",3,"ACCCTGGAAACC","ACCCTGGAAACC"
"CCCGACAAAGAA",3,NA,"K562","K562",3,"CCCGACAAAGAA","CCCGACAAAGAA"
"TACACGGACTAC",4,NA,"GM","GM",4,"TACACGGACTAC","TACACGGACTAC"
"CCCGAGCACGCG",2,3,"BJ","BJ",2,"CCCGAGCACGCG","CCCGAGCACGCG"
"AGGGTCCGAATT",3,NA,"K562","K562",3,"AGGGTCCGAATT","AGGGTCCGAATT"
"TAACACAATTCG",1,1,"H1","H1",1,"TAACACAATTCG","TAACACAATTCG"
"TGGGATTGACTA",2,3,"BJ","BJ",2,"TGGGATTGACTA","TGGGATTGACTA"
"GACTCACCTTGT",2,NA,"BJ","BJ",2,"GACTCACCTTGT","GACTCACCTTGT"
"TGGCATTCTCCC",2,3,"BJ","BJ",2,"TGGCATTCTCCC","TGGCATTCTCCC"
"CGTTGTTTGAAG",3,NA,"K562","K562",3,"CGTTGTTTGAAG","CGTTGTTTGAAG"
"GCGGATCTATTG",2,3,"BJ","BJ",2,"GCGGATCTATTG","GCGGATCTATTG"
"CCGGGACATGAT",3,NA,"K562","K562",3,"CCGGGACATGAT","CCGGGACATGAT"
"TGTTCATTTCGT",2,3,"BJ","BJ",2,"TGTTCATTTCGT","TGTTCATTTCGT"
"CACATCATTAAC",1,1,"H1","H1",1,"CACATCATTAAC","CACATCATTAAC"
"AACGTCCTACTA",1,1,"H1","H1",1,"AACGTCCTACTA","AACGTCCTACTA"
"GCAGGCTAGTCA",2,3,"BJ","BJ",2,"GCAGGCTAGTCA","GCAGGCTAGTCA"
"CTTGCGGCCGCA",3,NA,"K562","K562",3,"CTTGCGGCCGCA","CTTGCGGCCGCA"
"ACCCTCGGTTTA",1,1,"H1","H1",1,"ACCCTCGGTTTA","ACCCTCGGTTTA"
"AGATTACATCGT",1,1,"H1","H1",1,"AGATTACATCGT","AGATTACATCGT"
"GTGATGCATAGA",1,1,"H1","H1",1,"GTGATGCATAGA","GTGATGCATAGA"
"TGCCAACCATCA",2,3,"BJ","BJ",2,"TGCCAACCATCA","TGCCAACCATCA"
"ACTGCCTCGATC",1,NA,"H1","H1",1,"ACTGCCTCGATC","ACTGCCTCGATC"
"CGATAGGTCTGT",2,3,"BJ","BJ",2,"CGATAGGTCTGT","CGATAGGTCTGT"
"GTCTGAGTGCAG",2,3,"BJ","BJ",2,"GTCTGAGTGCAG","GTCTGAGTGCAG"
"GTAGCCGATCAA",2,3,"BJ","BJ",2,"GTAGCCGATCAA","GTAGCCGATCAA"
"AGGCTGATGGAT",1,1,"H1","H1",1,"AGGCTGATGGAT","AGGCTGATGGAT"
"GTACGGTAACCG",3,NA,"K562","K562",3,"GTACGGTAACCG","GTACGGTAACCG"
"TGTACTCCCCCA",2,3,"BJ","BJ",2,"TGTACTCCCCCA","TGTACTCCCCCA"
"CTATTCCTATGA",2,3,"BJ","BJ",2,"CTATTCCTATGA","CTATTCCTATGA"
"GTTTTCCGCGTT",3,NA,"K562","K562",3,"GTTTTCCGCGTT","GTTTTCCGCGTT"
"TAAATCCTTCAT",2,3,"BJ","BJ",2,"TAAATCCTTCAT","TAAATCCTTCAT"
"ACAAATAACAGT",3,NA,"K562","K562",3,"ACAAATAACAGT","ACAAATAACAGT"
"TCGTGGTTTTTC",1,1,"H1","H1",1,"TCGTGGTTTTTC","TCGTGGTTTTTC"
"AGGCTTCGTAAC",1,NA,"H1","H1",1,"AGGCTTCGTAAC","AGGCTTCGTAAC"
"ATCGGGCAAACG",1,1,"H1","H1",1,"ATCGGGCAAACG","ATCGGGCAAACG"
"CACTCAGCGGCC",2,3,"BJ","BJ",2,"CACTCAGCGGCC","CACTCAGCGGCC"
"GCGACGCCACCA",1,NA,"H1","H1",1,"GCGACGCCACCA","GCGACGCCACCA"
"TGTGCACTTAAG",1,1,"H1","H1",1,"TGTGCACTTAAG","TGTGCACTTAAG"
"GCGCTCTAAAGA",1,NA,"H1","H1",1,"GCGCTCTAAAGA","GCGCTCTAAAGA"
"GGACCCCGTCAT",2,3,"BJ","BJ",2,"GGACCCCGTCAT","GGACCCCGTCAT"
"CCAAATGCGGAT",1,1,"H1","H1",1,"CCAAATGCGGAT","CCAAATGCGGAT"
"AGTCGTTTTCGA",3,NA,"K562","K562",3,"AGTCGTTTTCGA","AGTCGTTTTCGA"
"TGGATGCACAGA",2,3,"BJ","BJ",2,"TGGATGCACAGA","TGGATGCACAGA"
"ATAAGCGACGAA",1,1,"H1","H1",1,"ATAAGCGACGAA","ATAAGCGACGAA"
"TCAGCTTCGCCA",2,3,"BJ","BJ",2,"TCAGCTTCGCCA","TCAGCTTCGCCA"
"AAGGTCCTCAGC",2,3,"BJ","BJ",2,"AAGGTCCTCAGC","AAGGTCCTCAGC"
"GGCTAATATCCG",3,NA,"K562","K562",3,"GGCTAATATCCG","GGCTAATATCCG"
"CAAGTACGCCCT",1,1,"H1","H1",1,"CAAGTACGCCCT","CAAGTACGCCCT"
"ATTGAGCAGGAT",3,NA,"K562","K562",3,"ATTGAGCAGGAT","ATTGAGCAGGAT"
"GACACCTTCAGA",2,3,"BJ","BJ",2,"GACACCTTCAGA","GACACCTTCAGA"
"GCGTCCGACGCC",2,3,"BJ","BJ",2,"GCGTCCGACGCC","GCGTCCGACGCC"
"CCCTCCTCGGGC",2,3,"BJ","BJ",2,"CCCTCCTCGGGC","CCCTCCTCGGGC"
"GTCCAGGATGCC",2,3,"BJ","BJ",2,"GTCCAGGATGCC","GTCCAGGATGCC"
"CGTGGGGTGTTC",4,NA,"GM","GM",4,"CGTGGGGTGTTC","CGTGGGGTGTTC"
"CGACAGAAGATG",1,NA,"H1","H1",1,"CGACAGAAGATG","CGACAGAAGATG"
"GTCGCGTCCGTA",3,NA,"K562","K562",3,"GTCGCGTCCGTA","GTCGCGTCCGTA"
"GCCTTCCTGCCC",1,NA,"H1","H1",1,"GCCTTCCTGCCC","GCCTTCCTGCCC"
"AGAGGTAACCTT",1,1,"H1","H1",1,"AGAGGTAACCTT","AGAGGTAACCTT"
"AAAAACGGCCTG",1,1,"H1","H1",1,"AAAAACGGCCTG","AAAAACGGCCTG"
"AGGTGACCACTC",2,3,"BJ","BJ",2,"AGGTGACCACTC","AGGTGACCACTC"
"CGTGTCGAGATA",2,3,"BJ","BJ",2,"CGTGTCGAGATA","CGTGTCGAGATA"
"CGTGCTTTCCCA",1,NA,"H1","H1",1,"CGTGCTTTCCCA","CGTGCTTTCCCA"
"TTTGACAGTATG",1,1,"H1","H1",1,"TTTGACAGTATG","TTTGACAGTATG"
"AGTCTAAGGTTA",2,3,"BJ","BJ",2,"AGTCTAAGGTTA","AGTCTAAGGTTA"
"GGCCACTTGCTG",2,3,"BJ","BJ",2,"GGCCACTTGCTG","GGCCACTTGCTG"
"AACCATAGTTAG",2,3,"BJ","BJ",2,"AACCATAGTTAG","AACCATAGTTAG"
"ACTCCATAACTT",2,3,"BJ","BJ",2,"ACTCCATAACTT","ACTCCATAACTT"
"TTCGTTTCAATC",1,1,"H1","H1",1,"TTCGTTTCAATC","TTCGTTTCAATC"
"TTCTTATGCCCG",1,1,"H1","H1",1,"TTCTTATGCCCG","TTCTTATGCCCG"
"ACTGGGGCTTTA",1,1,"H1","H1",1,"ACTGGGGCTTTA","ACTGGGGCTTTA"
"TCGTGGATTTCG",1,NA,"H1","H1",1,"TCGTGGATTTCG","TCGTGGATTTCG"
"AACATCCCTGAG",1,1,"H1","H1",1,"AACATCCCTGAG","AACATCCCTGAG"
"GCGGAAGATAGA",2,3,"BJ","BJ",2,"GCGGAAGATAGA","GCGGAAGATAGA"
"GCGAGCCAAGGG",3,NA,"K562","K562",3,"GCGAGCCAAGGG","GCGAGCCAAGGG"
"AACATCCATTCT",3,NA,"K562","K562",3,"AACATCCATTCT","AACATCCATTCT"
"CTCAAGGTTGGA",2,3,"BJ","BJ",2,"CTCAAGGTTGGA","CTCAAGGTTGGA"
"GACACTAGTGCT",2,3,"BJ","BJ",2,"GACACTAGTGCT","GACACTAGTGCT"
"CTCATAGGCACA",2,3,"BJ","BJ",2,"CTCATAGGCACA","CTCATAGGCACA"
"AAAGTGCCACAT",3,NA,"K562","K562",3,"AAAGTGCCACAT","AAAGTGCCACAT"
"AGAGAAGGTTCC",1,1,"H1","H1",1,"AGAGAAGGTTCC","AGAGAAGGTTCC"
"CATCTTAATTAG",2,3,"BJ","BJ",2,"CATCTTAATTAG","CATCTTAATTAG"
"GCCTGACGACAA",1,1,"H1","H1",1,"GCCTGACGACAA","GCCTGACGACAA"
"AAGGGTGCTAAC",2,3,"BJ","BJ",2,"AAGGGTGCTAAC","AAGGGTGCTAAC"
"GCGCTGCTGAAA",3,NA,"K562","K562",3,"GCGCTGCTGAAA","GCGCTGCTGAAA"
"GTGTGAAACAAA",2,3,"BJ","BJ",2,"GTGTGAAACAAA","GTGTGAAACAAA"
"ACTCTAAAAGGG",1,NA,"H1","H1",1,"ACTCTAAAAGGG","ACTCTAAAAGGG"
"GGGACGCCCTCA",1,1,"H1","H1",1,"GGGACGCCCTCA","GGGACGCCCTCA"
"GTACCATGTGAT",2,3,"BJ","BJ",2,"GTACCATGTGAT","GTACCATGTGAT"
"GCCGTACCGCCT",2,3,"BJ","BJ",2,"GCCGTACCGCCT","GCCGTACCGCCT"
"TACACGGCCCGC",2,3,"BJ","BJ",2,"TACACGGCCCGC","TACACGGCCCGC"
"ATTCTAACGCCC",4,NA,"GM","GM",4,"ATTCTAACGCCC","ATTCTAACGCCC"
"CCCACTGTGGGT",2,3,"BJ","BJ",2,"CCCACTGTGGGT","CCCACTGTGGGT"
"GTCACTGGTCGC",2,3,"BJ","BJ",2,"GTCACTGGTCGC","GTCACTGGTCGC"
"CGCTCAGTTCCA",2,3,"BJ","BJ",2,"CGCTCAGTTCCA","CGCTCAGTTCCA"
"TGTGTTCTGGAG",2,3,"BJ","BJ",2,"TGTGTTCTGGAG","TGTGTTCTGGAG"
"TCGGATGTTGCC",4,NA,"GM","GM",4,"TCGGATGTTGCC","TCGGATGTTGCC"
"ATACAGTCGTCA",2,3,"BJ","BJ",2,"ATACAGTCGTCA","ATACAGTCGTCA"
"TAAGCCTCACAC",4,NA,"GM","GM",4,"TAAGCCTCACAC","TAAGCCTCACAC"
"TACAAGCTGCAG",1,1,"H1","H1",1,"TACAAGCTGCAG","TACAAGCTGCAG"
"GTTTGCATGGTA",3,NA,"K562","K562",3,"GTTTGCATGGTA","GTTTGCATGGTA"
"AATAGCACTGAA",1,1,"H1","H1",1,"AATAGCACTGAA","AATAGCACTGAA"
"TTACAGATCTAT",2,3,"BJ","BJ",2,"TTACAGATCTAT","TTACAGATCTAT"
"CGATCCGGCGTA",1,1,"H1","H1",1,"CGATCCGGCGTA","CGATCCGGCGTA"
"AAGGAGAAATGT",4,NA,"GM","GM",4,"AAGGAGAAATGT","AAGGAGAAATGT"
"CTATTGCTCGTT",2,3,"BJ","BJ",2,"CTATTGCTCGTT","CTATTGCTCGTT"
"GTATGTTATGGT",2,3,"BJ","BJ",2,"GTATGTTATGGT","GTATGTTATGGT"
"TAACCTTACGAC",1,1,"H1","H1",1,"TAACCTTACGAC","TAACCTTACGAC"
"CCTTGTCCGTTA",3,NA,"K562","K562",3,"CCTTGTCCGTTA","CCTTGTCCGTTA"
"AGTAGAATACAA",2,3,"BJ","BJ",2,"AGTAGAATACAA","AGTAGAATACAA"
"ACATCTTTGTCC",3,NA,"K562","K562",3,"ACATCTTTGTCC","ACATCTTTGTCC"
"GGCAATGACCAC",3,NA,"K562","K562",3,"GGCAATGACCAC","GGCAATGACCAC"
"GTAAGATGGCGC",2,3,"BJ","BJ",2,"GTAAGATGGCGC","GTAAGATGGCGC"
"GTAGCTGTGTTC",2,3,"BJ","BJ",2,"GTAGCTGTGTTC","GTAGCTGTGTTC"
"TGCCTCTGGCCT",1,1,"H1","H1",1,"TGCCTCTGGCCT","TGCCTCTGGCCT"
"CCGGTAGGCAGC",2,3,"BJ","BJ",2,"CCGGTAGGCAGC","CCGGTAGGCAGC"
"CTCGACGTGTGA",1,1,"H1","H1",1,"CTCGACGTGTGA","CTCGACGTGTGA"
"AAACCCATGTAC",1,1,"H1","H1",1,"AAACCCATGTAC","AAACCCATGTAC"
"CCTAAATATGTC",2,3,"BJ","BJ",2,"CCTAAATATGTC","CCTAAATATGTC"
"AAAAGTGTCACG",2,3,"BJ","BJ",2,"AAAAGTGTCACG","AAAAGTGTCACG"
"TTGTGAAACCCG",2,3,"BJ","BJ",2,"TTGTGAAACCCG","TTGTGAAACCCG"
"CGAGTTTATCTC",2,3,"BJ","BJ",2,"CGAGTTTATCTC","CGAGTTTATCTC"
"GCGGTTATGTAG",2,3,"BJ","BJ",2,"GCGGTTATGTAG","GCGGTTATGTAG"
"TGATTAATGGAG",2,3,"BJ","BJ",2,"TGATTAATGGAG","TGATTAATGGAG"
"TGTCGCTGCTCC",1,1,"H1","H1",1,"TGTCGCTGCTCC","TGTCGCTGCTCC"
"GAGATGTCTCTT",2,3,"BJ","BJ",2,"GAGATGTCTCTT","GAGATGTCTCTT"
"TGCACCATATCA",1,1,"H1","H1",1,"TGCACCATATCA","TGCACCATATCA"
"GATAAGCCGTGA",2,3,"BJ","BJ",2,"GATAAGCCGTGA","GATAAGCCGTGA"
"TGTAGCAACGAG",3,NA,"K562","K562",3,"TGTAGCAACGAG","TGTAGCAACGAG"
"TTACGGATCGAA",1,1,"H1","H1",1,"TTACGGATCGAA","TTACGGATCGAA"
"AGCTAGGTCTCA",1,1,"H1","H1",1,"AGCTAGGTCTCA","AGCTAGGTCTCA"
"GTACCCTTTGCT",2,3,"BJ","BJ",2,"GTACCCTTTGCT","GTACCCTTTGCT"
"TCGGATCATCGC",2,3,"BJ","BJ",2,"TCGGATCATCGC","TCGGATCATCGC"
"CAGTGCCCATCT",1,1,"H1","H1",1,"CAGTGCCCATCT","CAGTGCCCATCT"
"TGCACCGGACTC",1,1,"H1","H1",1,"TGCACCGGACTC","TGCACCGGACTC"
"ATCACAGGCACG",4,NA,"GM","GM",4,"ATCACAGGCACG","ATCACAGGCACG"
"TGGGTATCGATG",4,NA,"GM","GM",4,"TGGGTATCGATG","TGGGTATCGATG"
"AAGCCTGATGCC",1,1,"H1","H1",1,"AAGCCTGATGCC","AAGCCTGATGCC"
"GATGCTACCCAA",1,NA,"H1","H1",1,"GATGCTACCCAA","GATGCTACCCAA"
"GCCGCTGCAGGC",1,1,"H1","H1",1,"GCCGCTGCAGGC","GCCGCTGCAGGC"
"TGCTGCGCGCAC",2,3,"BJ","BJ",2,"TGCTGCGCGCAC","TGCTGCGCGCAC"
"TGTGATGGTCGA",1,1,"H1","H1",1,"TGTGATGGTCGA","TGTGATGGTCGA"
"GCAGCCCCGCTG",2,3,"BJ","BJ",2,"GCAGCCCCGCTG","GCAGCCCCGCTG"
"GGTAAACTACCC",1,NA,"H1","H1",1,"GGTAAACTACCC","GGTAAACTACCC"
"GGTCACAACCGT",3,NA,"K562","K562",3,"GGTCACAACCGT","GGTCACAACCGT"
"AACTCAGTTATG",2,3,"BJ","BJ",2,"AACTCAGTTATG","AACTCAGTTATG"
"GGCTCTCGTGGC",1,1,"H1","H1",1,"GGCTCTCGTGGC","GGCTCTCGTGGC"
"CTGGAGGCCCAA",2,3,"BJ","BJ",2,"CTGGAGGCCCAA","CTGGAGGCCCAA"
"ACGAGCTAAGTC",2,3,"BJ","BJ",2,"ACGAGCTAAGTC","ACGAGCTAAGTC"
"TAGGGGGCGCTC",2,3,"BJ","BJ",2,"TAGGGGGCGCTC","TAGGGGGCGCTC"
"ATTGGTCAATTA",1,NA,"H1","H1",1,"ATTGGTCAATTA","ATTGGTCAATTA"
"TTTTATTGATCT",3,NA,"K562","K562",3,"TTTTATTGATCT","TTTTATTGATCT"
"TCACAGACTTAG",2,3,"BJ","BJ",2,"TCACAGACTTAG","TCACAGACTTAG"
"GCACTTACAGCG",1,1,"H1","H1",1,"GCACTTACAGCG","GCACTTACAGCG"
"AACTTACAACAG",4,NA,"GM","GM",4,"AACTTACAACAG","AACTTACAACAG"
"ACTTCCATACCT",4,NA,"GM","GM",4,"ACTTCCATACCT","ACTTCCATACCT"
"CGAAGAAACCTC",2,3,"BJ","BJ",2,"CGAAGAAACCTC","CGAAGAAACCTC"
"AAGCTTTCCAAT",1,NA,"H1","H1",1,"AAGCTTTCCAAT","AAGCTTTCCAAT"
"CTGATGCATAAA",2,3,"BJ","BJ",2,"CTGATGCATAAA","CTGATGCATAAA"
"AAATACGCCAAG",3,NA,"K562","K562",3,"AAATACGCCAAG","AAATACGCCAAG"
"CTGCAGTACCAG",4,NA,"GM","GM",4,"CTGCAGTACCAG","CTGCAGTACCAG"
"GGTCATGGTGGT",1,1,"H1","H1",1,"GGTCATGGTGGT","GGTCATGGTGGT"
"GGCACAATCGCG",1,1,"H1","H1",1,"GGCACAATCGCG","GGCACAATCGCG"
"AATTCTTGCCAA",4,NA,"GM","GM",4,"AATTCTTGCCAA","AATTCTTGCCAA"
"GAGATTCTCTAC",4,NA,"GM","GM",4,"GAGATTCTCTAC","GAGATTCTCTAC"
"TTTCAAGCAACC",4,NA,"GM","GM",4,"TTTCAAGCAACC","TTTCAAGCAACC"
"GTGCGGACCACA",3,NA,"K562","K562",3,"GTGCGGACCACA","GTGCGGACCACA"
"TCCTACGACCAA",3,NA,"K562","K562",3,"TCCTACGACCAA","TCCTACGACCAA"
"CCCGGGAAGGTA",2,3,"BJ","BJ",2,"CCCGGGAAGGTA","CCCGGGAAGGTA"
"GGATCAAAATGG",2,3,"BJ","BJ",2,"GGATCAAAATGG","GGATCAAAATGG"
"TGGACGCGCTTT",2,3,"BJ","BJ",2,"TGGACGCGCTTT","TGGACGCGCTTT"
"CCAGATCGAAGA",3,NA,"K562","K562",3,"CCAGATCGAAGA","CCAGATCGAAGA"
"GTCCAAACGCCT",2,3,"BJ","BJ",2,"GTCCAAACGCCT","GTCCAAACGCCT"
"TGGGTACGGCCC",2,3,"BJ","BJ",2,"TGGGTACGGCCC","TGGGTACGGCCC"
"CGCGTGTTCTAT",3,NA,"K562","K562",3,"CGCGTGTTCTAT","CGCGTGTTCTAT"
"CGTCAACAGTGT",2,3,"BJ","BJ",2,"CGTCAACAGTGT","CGTCAACAGTGT"
"TAAGAGGGCTAC",1,NA,"H1","H1",1,"TAAGAGGGCTAC","TAAGAGGGCTAC"
"AACCCACGTGGT",3,NA,"K562","K562",3,"AACCCACGTGGT","AACCCACGTGGT"
"CTGGGCTCTTTA",1,1,"H1","H1",1,"CTGGGCTCTTTA","CTGGGCTCTTTA"
"TAGTTCCGCCTG",2,3,"BJ","BJ",2,"TAGTTCCGCCTG","TAGTTCCGCCTG"
"GCACACTTCGAA",1,1,"H1","H1",1,"GCACACTTCGAA","GCACACTTCGAA"
"TAGTAAATATTG",1,NA,"H1","H1",1,"TAGTAAATATTG","TAGTAAATATTG"
"TTGACATCTTAA",3,NA,"K562","K562",3,"TTGACATCTTAA","TTGACATCTTAA"
"GTACTGATCCGA",2,3,"BJ","BJ",2,"GTACTGATCCGA","GTACTGATCCGA"
"GTGCTGTGTAAG",2,3,"BJ","BJ",2,"GTGCTGTGTAAG","GTGCTGTGTAAG"
"CTGCCAGAAAAT",1,1,"H1","H1",1,"CTGCCAGAAAAT","CTGCCAGAAAAT"
"CCATTAGCGACA",2,3,"BJ","BJ",2,"CCATTAGCGACA","CCATTAGCGACA"
"GCTACCCCAACA",2,3,"BJ","BJ",2,"GCTACCCCAACA","GCTACCCCAACA"
"CGTTCGATTCCG",1,NA,"H1","H1",1,"CGTTCGATTCCG","CGTTCGATTCCG"
"GAACCGTCAAAC",1,1,"H1","H1",1,"GAACCGTCAAAC","GAACCGTCAAAC"
"AGATGATCCGGC",1,1,"H1","H1",1,"AGATGATCCGGC","AGATGATCCGGC"
"GTCATCGGTCCA",2,3,"BJ","BJ",2,"GTCATCGGTCCA","GTCATCGGTCCA"
"GTTAAAGCGAGG",4,NA,"GM","GM",4,"GTTAAAGCGAGG","GTTAAAGCGAGG"
"CGCAGCTATCAT",3,NA,"K562","K562",3,"CGCAGCTATCAT","CGCAGCTATCAT"
"CTTGAGCACTAG",2,3,"BJ","BJ",2,"CTTGAGCACTAG","CTTGAGCACTAG"
"ACTCTGCCGCGA",2,3,"BJ","BJ",2,"ACTCTGCCGCGA","ACTCTGCCGCGA"
"ACTTACAGCGTG",3,NA,"K562","K562",3,"ACTTACAGCGTG","ACTTACAGCGTG"
"TTTACTTTGTGG",3,NA,"K562","K562",3,"TTTACTTTGTGG","TTTACTTTGTGG"
"CCGCCTCCGGAT",4,NA,"GM","GM",4,"CCGCCTCCGGAT","CCGCCTCCGGAT"
"TCAGCGTACTTC",2,3,"BJ","BJ",2,"TCAGCGTACTTC","TCAGCGTACTTC"
"GATCCCTTGGTA",3,NA,"K562","K562",3,"GATCCCTTGGTA","GATCCCTTGGTA"
"CAAGGCTGAACT",2,3,"BJ","BJ",2,"CAAGGCTGAACT","CAAGGCTGAACT"
"CGATGCCGAGAA",3,NA,"K562","K562",3,"CGATGCCGAGAA","CGATGCCGAGAA"
"CCACTTAGAGAC",3,NA,"K562","K562",3,"CCACTTAGAGAC","CCACTTAGAGAC"
"CTTCTAAAGACG",1,1,"H1","H1",1,"CTTCTAAAGACG","CTTCTAAAGACG"
"GAGTCGCTAGGA",2,3,"BJ","BJ",2,"GAGTCGCTAGGA","GAGTCGCTAGGA"
"AGGAAATTCCCG",2,3,"BJ","BJ",2,"AGGAAATTCCCG","AGGAAATTCCCG"
"AACAAAATGGAA",1,NA,"H1","H1",1,"AACAAAATGGAA","AACAAAATGGAA"
"TTTGCGGCGTTG",2,3,"BJ","BJ",2,"TTTGCGGCGTTG","TTTGCGGCGTTG"
"AGATGCAATCCT",3,NA,"K562","K562",3,"AGATGCAATCCT","AGATGCAATCCT"
"GCGATCCGGTGA",2,3,"BJ","BJ",2,"GCGATCCGGTGA","GCGATCCGGTGA"
"GCCCCCAAATAG",2,3,"BJ","BJ",2,"GCCCCCAAATAG","GCCCCCAAATAG"
"CAAGTTAGGTCC",3,NA,"K562","K562",3,"CAAGTTAGGTCC","CAAGTTAGGTCC"
"CCACCCATAAGG",1,1,"H1","H1",1,"CCACCCATAAGG","CCACCCATAAGG"
"CTGCTACATTCA",3,NA,"K562","K562",3,"CTGCTACATTCA","CTGCTACATTCA"
"TGCACCACCACA",2,3,"BJ","BJ",2,"TGCACCACCACA","TGCACCACCACA"
"GCCCGCTGGGGT",3,NA,"K562","K562",3,"GCCCGCTGGGGT","GCCCGCTGGGGT"
"CGTGGAGCTATT",3,NA,"K562","K562",3,"CGTGGAGCTATT","CGTGGAGCTATT"
"TTCTTCACCTTC",2,3,"BJ","BJ",2,"TTCTTCACCTTC","TTCTTCACCTTC"
"TACTTTGCAGGT",2,3,"BJ","BJ",2,"TACTTTGCAGGT","TACTTTGCAGGT"
"TGTGGAGATTCC",4,NA,"GM","GM",4,"TGTGGAGATTCC","TGTGGAGATTCC"
"TTTGGTGGTCCA",4,NA,"GM","GM",4,"TTTGGTGGTCCA","TTTGGTGGTCCA"
"CGTCTTTTCTGT",2,3,"BJ","BJ",2,"CGTCTTTTCTGT","CGTCTTTTCTGT"
"CCGGTTCTCGCA",2,3,"BJ","BJ",2,"CCGGTTCTCGCA","CCGGTTCTCGCA"
"GCGCCCCGCTGC",2,3,"BJ","BJ",2,"GCGCCCCGCTGC","GCGCCCCGCTGC"
"TAAGTGCGGCAT",4,NA,"GM","GM",4,"TAAGTGCGGCAT","TAAGTGCGGCAT"
"GCCGCCGCTATT",2,3,"BJ","BJ",2,"GCCGCCGCTATT","GCCGCCGCTATT"
"GGCAGTCATCCA",3,NA,"K562","K562",3,"GGCAGTCATCCA","GGCAGTCATCCA"
"CCCTCTACGATT",4,NA,"GM","GM",4,"CCCTCTACGATT","CCCTCTACGATT"
"GGGCGCCCTGAT",3,NA,"K562","K562",3,"GGGCGCCCTGAT","GGGCGCCCTGAT"
"GAGGGACAGCCG",3,NA,"K562","K562",3,"GAGGGACAGCCG","GAGGGACAGCCG"
"CACGCCAACTCT",4,NA,"GM","GM",4,"CACGCCAACTCT","CACGCCAACTCT"
"TTCTACGCAAAG",2,3,"BJ","BJ",2,"TTCTACGCAAAG","TTCTACGCAAAG"
"GTAGCAACGCGG",2,3,"BJ","BJ",2,"GTAGCAACGCGG","GTAGCAACGCGG"
"TCAAATGTTGGC",1,1,"H1","H1",1,"TCAAATGTTGGC","TCAAATGTTGGC"
"CGAGCTGTTATC",2,3,"BJ","BJ",2,"CGAGCTGTTATC","CGAGCTGTTATC"
"AACTGATGGCTA",1,NA,"H1","H1",1,"AACTGATGGCTA","AACTGATGGCTA"
"GTCGCATAACAG",2,3,"BJ","BJ",2,"GTCGCATAACAG","GTCGCATAACAG"
"CAACTTGGAAAT",4,NA,"GM","GM",4,"CAACTTGGAAAT","CAACTTGGAAAT"
"AACGTACGAACC",1,NA,"H1","H1",1,"AACGTACGAACC","AACGTACGAACC"
"CACTCGGATAAT",1,1,"H1","H1",1,"CACTCGGATAAT","CACTCGGATAAT"
"AACAAACGACCA",2,3,"BJ","BJ",2,"AACAAACGACCA","AACAAACGACCA"
"GCATGTGGGAAA",1,NA,"H1","H1",1,"GCATGTGGGAAA","GCATGTGGGAAA"
"AAATATGATAGA",2,3,"BJ","BJ",2,"AAATATGATAGA","AAATATGATAGA"
"CAAGACCGAGAA",1,1,"H1","H1",1,"CAAGACCGAGAA","CAAGACCGAGAA"
"ACTAGCTCGCGT",1,1,"H1","H1",1,"ACTAGCTCGCGT","ACTAGCTCGCGT"
"CAGTTACGAATG",2,3,"BJ","BJ",2,"CAGTTACGAATG","CAGTTACGAATG"
"ACTCCGCCACAA",2,3,"BJ","BJ",2,"ACTCCGCCACAA","ACTCCGCCACAA"
"GCTCATGACCCT",1,NA,"H1","H1",1,"GCTCATGACCCT","GCTCATGACCCT"
"CGATCCAGATGA",2,3,"BJ","BJ",2,"CGATCCAGATGA","CGATCCAGATGA"
"AAAGGACTTAGT",1,1,"H1","H1",1,"AAAGGACTTAGT","AAAGGACTTAGT"
"ATGTAATTTGTC",2,3,"BJ","BJ",2,"ATGTAATTTGTC","ATGTAATTTGTC"
"CGTAGTGTGCGA",2,3,"BJ","BJ",2,"CGTAGTGTGCGA","CGTAGTGTGCGA"
"GCAACTGTCCCT",2,3,"BJ","BJ",2,"GCAACTGTCCCT","GCAACTGTCCCT"
"CTAGACCCATTT",3,NA,"K562","K562",3,"CTAGACCCATTT","CTAGACCCATTT"
"GGGGCAGGGACT",2,3,"BJ","BJ",2,"GGGGCAGGGACT","GGGGCAGGGACT"
"TGCGGGCAGGAG",1,1,"H1","H1",1,"TGCGGGCAGGAG","TGCGGGCAGGAG"
"CACTTCCTTGTT",3,NA,"K562","K562",3,"CACTTCCTTGTT","CACTTCCTTGTT"
"AGCTAACGGGTA",3,NA,"K562","K562",3,"AGCTAACGGGTA","AGCTAACGGGTA"
"AAGAAGCCACAG",1,1,"H1","H1",1,"AAGAAGCCACAG","AAGAAGCCACAG"
"CAGACTTCTTCG",2,3,"BJ","BJ",2,"CAGACTTCTTCG","CAGACTTCTTCG"
"GCGCTTACATAT",1,1,"H1","H1",1,"GCGCTTACATAT","GCGCTTACATAT"
"GTTTCGCTAGGG",2,3,"BJ","BJ",2,"GTTTCGCTAGGG","GTTTCGCTAGGG"
"ACCGGTAGCTGA",1,1,"H1","H1",1,"ACCGGTAGCTGA","ACCGGTAGCTGA"
"AAGGTGTCTCCA",3,NA,"K562","K562",3,"AAGGTGTCTCCA","AAGGTGTCTCCA"
"CGGCGCGAAGAG",3,NA,"K562","K562",3,"CGGCGCGAAGAG","CGGCGCGAAGAG"
"TCGCATCGCTGC",3,NA,"K562","K562",3,"TCGCATCGCTGC","TCGCATCGCTGC"
"TTTTAATCCTCG",1,NA,"H1","H1",1,"TTTTAATCCTCG","TTTTAATCCTCG"
"GATTGGCCTCTC",1,NA,"H1","H1",1,"GATTGGCCTCTC","GATTGGCCTCTC"
"TTCTCGTGTCAA",2,3,"BJ","BJ",2,"TTCTCGTGTCAA","TTCTCGTGTCAA"
"CTGACCTTGATG",2,3,"BJ","BJ",2,"CTGACCTTGATG","CTGACCTTGATG"
"TATTATCATCCG",2,NA,"BJ","BJ",2,"TATTATCATCCG","TATTATCATCCG"
"GTTTATAACACG",2,3,"BJ","BJ",2,"GTTTATAACACG","GTTTATAACACG"
"TGGCCTGGCGCG",4,NA,"GM","GM",4,"TGGCCTGGCGCG","TGGCCTGGCGCG"
"GAAAGTTTACCC",3,NA,"K562","K562",3,"GAAAGTTTACCC","GAAAGTTTACCC"
"GTCGAAAGCAGT",2,3,"BJ","BJ",2,"GTCGAAAGCAGT","GTCGAAAGCAGT"
"TCGATGTCTGTA",1,1,"H1","H1",1,"TCGATGTCTGTA","TCGATGTCTGTA"
"CGGGTGCGTACT",4,NA,"GM","GM",4,"CGGGTGCGTACT","CGGGTGCGTACT"
"CGTTCGCGCCAA",3,NA,"K562","K562",3,"CGTTCGCGCCAA","CGTTCGCGCCAA"
"CTTTTCTATCTC",1,NA,"H1","H1",1,"CTTTTCTATCTC","CTTTTCTATCTC"
"GAGAAGTGAGTA",2,3,"BJ","BJ",2,"GAGAAGTGAGTA","GAGAAGTGAGTA"
"TAGCTTATACCG",3,NA,"K562","K562",3,"TAGCTTATACCG","TAGCTTATACCG"
"CTAACGCTCCCG",2,3,"BJ","BJ",2,"CTAACGCTCCCG","CTAACGCTCCCG"
"TTAGAAATAGGG",1,NA,"H1","H1",1,"TTAGAAATAGGG","TTAGAAATAGGG"
"ACACGTTCGGAT",4,NA,"GM","GM",4,"ACACGTTCGGAT","ACACGTTCGGAT"
"CCGTCCGATACG",3,NA,"K562","K562",3,"CCGTCCGATACG","CCGTCCGATACG"
"TTCCCTGTCCCG",3,NA,"K562","K562",3,"TTCCCTGTCCCG","TTCCCTGTCCCG"
"TTGCCGCGAAGC",2,3,"BJ","BJ",2,"TTGCCGCGAAGC","TTGCCGCGAAGC"
"TACATTCTGCCC",1,1,"H1","H1",1,"TACATTCTGCCC","TACATTCTGCCC"
"TATCTACCTAAC",2,3,"BJ","BJ",2,"TATCTACCTAAC","TATCTACCTAAC"
"TCGACTGCGATC",4,NA,"GM","GM",4,"TCGACTGCGATC","TCGACTGCGATC"
"TAGAACACATAC",2,3,"BJ","BJ",2,"TAGAACACATAC","TAGAACACATAC"
"TGTTGATGGCAG",3,NA,"K562","K562",3,"TGTTGATGGCAG","TGTTGATGGCAG"
"CCCGTGTCCGCT",2,3,"BJ","BJ",2,"CCCGTGTCCGCT","CCCGTGTCCGCT"
"AACTGTGCTAGT",3,NA,"K562","K562",3,"AACTGTGCTAGT","AACTGTGCTAGT"
"CAGAGATGTTAG",3,NA,"K562","K562",3,"CAGAGATGTTAG","CAGAGATGTTAG"
"GACGTTTAGATG",1,1,"H1","H1",1,"GACGTTTAGATG","GACGTTTAGATG"
"AGGAATTTACAC",3,NA,"K562","K562",3,"AGGAATTTACAC","AGGAATTTACAC"
"CGCGCCTCGGAA",4,NA,"GM","GM",4,"CGCGCCTCGGAA","CGCGCCTCGGAA"
"GATAGGTCGCAC",2,3,"BJ","BJ",2,"GATAGGTCGCAC","GATAGGTCGCAC"
"AACCCTGGCGGA",2,3,"BJ","BJ",2,"AACCCTGGCGGA","AACCCTGGCGGA"
"ACCATGGCCATC",4,NA,"GM","GM",4,"ACCATGGCCATC","ACCATGGCCATC"
"TTTGCTGACGAA",3,NA,"K562","K562",3,"TTTGCTGACGAA","TTTGCTGACGAA"
"CCTGGCAAGAGA",2,3,"BJ","BJ",2,"CCTGGCAAGAGA","CCTGGCAAGAGA"
"TACTACCTCGTT",2,3,"BJ","BJ",2,"TACTACCTCGTT","TACTACCTCGTT"
"AGCCGTGATGGT",1,NA,"H1","H1",1,"AGCCGTGATGGT","AGCCGTGATGGT"
"AGTTTGGGCATT",1,1,"H1","H1",1,"AGTTTGGGCATT","AGTTTGGGCATT"
"ATCTTGACGGCG",3,NA,"K562","K562",3,"ATCTTGACGGCG","ATCTTGACGGCG"
"GTGGATGGTCTA",3,NA,"K562","K562",3,"GTGGATGGTCTA","GTGGATGGTCTA"
"TATTAGGACGCA",2,3,"BJ","BJ",2,"TATTAGGACGCA","TATTAGGACGCA"
"GATTGTTGCAGG",3,NA,"K562","K562",3,"GATTGTTGCAGG","GATTGTTGCAGG"
"CAGTAAGTCAGT",4,NA,"GM","GM",4,"CAGTAAGTCAGT","CAGTAAGTCAGT"
"CGTGTGCAAAGA",3,NA,"K562","K562",3,"CGTGTGCAAAGA","CGTGTGCAAAGA"
"CCAGTAACCTTG",3,NA,"K562","K562",3,"CCAGTAACCTTG","CCAGTAACCTTG"
"ACCCGGGAACGA",2,3,"BJ","BJ",2,"ACCCGGGAACGA","ACCCGGGAACGA"
"CGTACTTCGGAG",3,NA,"K562","K562",3,"CGTACTTCGGAG","CGTACTTCGGAG"
"AACCTCACTATA",1,NA,"H1","H1",1,"AACCTCACTATA","AACCTCACTATA"
"AGGTCGACGCGT",2,3,"BJ","BJ",2,"AGGTCGACGCGT","AGGTCGACGCGT"
"GCAGTCTCGGAC",2,3,"BJ","BJ",2,"GCAGTCTCGGAC","GCAGTCTCGGAC"
"AAGTTGTTCGCG",1,1,"H1","H1",1,"AAGTTGTTCGCG","AAGTTGTTCGCG"
"CTTGTACAATCT",1,1,"H1","H1",1,"CTTGTACAATCT","CTTGTACAATCT"
"TCTGAAAGGGCG",3,NA,"K562","K562",3,"TCTGAAAGGGCG","TCTGAAAGGGCG"
"ATTCGCAATGCT",1,NA,"H1","H1",1,"ATTCGCAATGCT","ATTCGCAATGCT"
"CGATTCAGCACT",1,NA,"H1","H1",1,"CGATTCAGCACT","CGATTCAGCACT"
"GTTGAGACTATA",2,3,"BJ","BJ",2,"GTTGAGACTATA","GTTGAGACTATA"
"TGTTTCGGAATT",2,3,"BJ","BJ",2,"TGTTTCGGAATT","TGTTTCGGAATT"
"GAACACTTGCGT",2,3,"BJ","BJ",2,"GAACACTTGCGT","GAACACTTGCGT"
"GGTTGCATCGTT",3,NA,"K562","K562",3,"GGTTGCATCGTT","GGTTGCATCGTT"
"CTAGAGGCTAGG",2,3,"BJ","BJ",2,"CTAGAGGCTAGG","CTAGAGGCTAGG"
"ATATCCCCTCTT",2,3,"BJ","BJ",2,"ATATCCCCTCTT","ATATCCCCTCTT"
"CCCACCTTATTT",4,NA,"GM","GM",4,"CCCACCTTATTT","CCCACCTTATTT"
"GACATGCGACTC",1,NA,"H1","H1",1,"GACATGCGACTC","GACATGCGACTC"
"CTCGTAAGCGGA",3,NA,"K562","K562",3,"CTCGTAAGCGGA","CTCGTAAGCGGA"
"GCATATCCCATC",2,3,"BJ","BJ",2,"GCATATCCCATC","GCATATCCCATC"
"GACAATTTAATA",2,3,"BJ","BJ",2,"GACAATTTAATA","GACAATTTAATA"
"GATGGTGAGACC",2,3,"BJ","BJ",2,"GATGGTGAGACC","GATGGTGAGACC"
"CTCACACCATGC",3,NA,"K562","K562",3,"CTCACACCATGC","CTCACACCATGC"
"AAACGAACGATG",2,3,"BJ","BJ",2,"AAACGAACGATG","AAACGAACGATG"
"CGGGCAGCGCTC",3,NA,"K562","K562",3,"CGGGCAGCGCTC","CGGGCAGCGCTC"
"GTATCATTTGCA",3,NA,"K562","K562",3,"GTATCATTTGCA","GTATCATTTGCA"
"CGCGGTTAAGAT",1,1,"H1","H1",1,"CGCGGTTAAGAT","CGCGGTTAAGAT"
"GCTCGGAGAATG",3,NA,"K562","K562",3,"GCTCGGAGAATG","GCTCGGAGAATG"
"GCATAGCACGAG",1,NA,"H1","H1",1,"GCATAGCACGAG","GCATAGCACGAG"
"CTGTCAAATTCC",2,3,"BJ","BJ",2,"CTGTCAAATTCC","CTGTCAAATTCC"
"TGTTGACTCTCT",1,NA,"H1","H1",1,"TGTTGACTCTCT","TGTTGACTCTCT"
"TACCCCTGGGCC",2,3,"BJ","BJ",2,"TACCCCTGGGCC","TACCCCTGGGCC"
"GGGCCGGGGTTC",1,1,"H1","H1",1,"GGGCCGGGGTTC","GGGCCGGGGTTC"
"GAATGCAGTGCG",3,NA,"K562","K562",3,"GAATGCAGTGCG","GAATGCAGTGCG"
"CAAAGATCAGTG",3,NA,"K562","K562",3,"CAAAGATCAGTG","CAAAGATCAGTG"
"CCCCTCAGAGCG",3,NA,"K562","K562",3,"CCCCTCAGAGCG","CCCCTCAGAGCG"
"TTGAGATTTTTT",1,NA,"H1","H1",1,"TTGAGATTTTTT","TTGAGATTTTTT"
"TTGCGGTTTAGA",4,NA,"GM","GM",4,"TTGCGGTTTAGA","TTGCGGTTTAGA"
"CAGCTCGCTTAT",2,3,"BJ","BJ",2,"CAGCTCGCTTAT","CAGCTCGCTTAT"
"GCAAGACGACCT",2,3,"BJ","BJ",2,"GCAAGACGACCT","GCAAGACGACCT"
"TCATCCTCCACG",1,NA,"H1","H1",1,"TCATCCTCCACG","TCATCCTCCACG"
"TCGCTGGCCTGG",2,3,"BJ","BJ",2,"TCGCTGGCCTGG","TCGCTGGCCTGG"
"CCCAACCTCATA",2,3,"BJ","BJ",2,"CCCAACCTCATA","CCCAACCTCATA"
"GTATACTGACGT",2,3,"BJ","BJ",2,"GTATACTGACGT","GTATACTGACGT"
"CATAGTACATCA",3,NA,"K562","K562",3,"CATAGTACATCA","CATAGTACATCA"
"GTGCTTTTTTAA",2,3,"BJ","BJ",2,"GTGCTTTTTTAA","GTGCTTTTTTAA"
"TCTGAGATGAGC",3,NA,"K562","K562",3,"TCTGAGATGAGC","TCTGAGATGAGC"
"GTCATTGTTGAA",3,NA,"K562","K562",3,"GTCATTGTTGAA","GTCATTGTTGAA"
"GTCGCATTCTGT",4,NA,"GM","GM",4,"GTCGCATTCTGT","GTCGCATTCTGT"
"CCCCATCGCGTG",1,NA,"H1","H1",1,"CCCCATCGCGTG","CCCCATCGCGTG"
"ATCGCCACGGGC",2,3,"BJ","BJ",2,"ATCGCCACGGGC","ATCGCCACGGGC"
"CTTAAGTTGAGT",4,NA,"GM","GM",4,"CTTAAGTTGAGT","CTTAAGTTGAGT"
"GTTCTGGTCCTG",2,3,"BJ","BJ",2,"GTTCTGGTCCTG","GTTCTGGTCCTG"
"TATCCTATGCCT",3,NA,"K562","K562",3,"TATCCTATGCCT","TATCCTATGCCT"
"GCCTTATGGCGG",1,1,"H1","H1",1,"GCCTTATGGCGG","GCCTTATGGCGG"
"GCTTAAATGGCC",2,3,"BJ","BJ",2,"GCTTAAATGGCC","GCTTAAATGGCC"
"AGGCACACCTCT",2,3,"BJ","BJ",2,"AGGCACACCTCT","AGGCACACCTCT"
"GACGTTCAATCC",1,NA,"H1","H1",1,"GACGTTCAATCC","GACGTTCAATCC"
"GCCTGAATCAAG",3,NA,"K562","K562",3,"GCCTGAATCAAG","GCCTGAATCAAG"
"AAGACGGTCCTC",2,3,"BJ","BJ",2,"AAGACGGTCCTC","AAGACGGTCCTC"
"ACAAGAGAATTG",2,3,"BJ","BJ",2,"ACAAGAGAATTG","ACAAGAGAATTG"
"CAGTCCAATTGG",1,1,"H1","H1",1,"CAGTCCAATTGG","CAGTCCAATTGG"
"CTGTGTCACTAG",2,3,"BJ","BJ",2,"CTGTGTCACTAG","CTGTGTCACTAG"
"TCTCGAGGGTAC",2,3,"BJ","BJ",2,"TCTCGAGGGTAC","TCTCGAGGGTAC"
"CTTATGACTCGT",2,3,"BJ","BJ",2,"CTTATGACTCGT","CTTATGACTCGT"
"GCTGAACTAACA",1,NA,"H1","H1",1,"GCTGAACTAACA","GCTGAACTAACA"
"CACGCTTTACTG",2,3,"BJ","BJ",2,"CACGCTTTACTG","CACGCTTTACTG"
"CAGGACATTTTA",1,NA,"H1","H1",1,"CAGGACATTTTA","CAGGACATTTTA"
"AAAACGCCTTTC",2,3,"BJ","BJ",2,"AAAACGCCTTTC","AAAACGCCTTTC"
"TGCTACGTGTTC",1,1,"H1","H1",1,"TGCTACGTGTTC","TGCTACGTGTTC"
"CGGACAAGTTAA",2,3,"BJ","BJ",2,"CGGACAAGTTAA","CGGACAAGTTAA"
"CCGCTTTACGTA",1,NA,"H1","H1",1,"CCGCTTTACGTA","CCGCTTTACGTA"
"GTCAATAACAAC",4,NA,"GM","GM",4,"GTCAATAACAAC","GTCAATAACAAC"
"CTCAACCCATTG",2,NA,"BJ","BJ",2,"CTCAACCCATTG","CTCAACCCATTG"
"CGCGGTTCTCCG",1,NA,"H1","H1",1,"CGCGGTTCTCCG","CGCGGTTCTCCG"
"ATGCGATCTCTG",4,NA,"GM","GM",4,"ATGCGATCTCTG","ATGCGATCTCTG"
"GTCGCATTCATA",3,NA,"K562","K562",3,"GTCGCATTCATA","GTCGCATTCATA"
"CTATGTACCGGG",2,3,"BJ","BJ",2,"CTATGTACCGGG","CTATGTACCGGG"
"GCCGTTGACGTA",2,3,"BJ","BJ",2,"GCCGTTGACGTA","GCCGTTGACGTA"
"TCGACACGAAAT",1,1,"H1","H1",1,"TCGACACGAAAT","TCGACACGAAAT"
"CGACTCACTCGC",1,NA,"H1","H1",1,"CGACTCACTCGC","CGACTCACTCGC"
"CACTTTCGGCAT",1,NA,"H1","H1",1,"CACTTTCGGCAT","CACTTTCGGCAT"
"GATCCCTTGTGG",1,1,"H1","H1",1,"GATCCCTTGTGG","GATCCCTTGTGG"
"CGGTTTGCCCAG",2,NA,"BJ","BJ",2,"CGGTTTGCCCAG","CGGTTTGCCCAG"
"ACTAAAGGCCTC",3,NA,"K562","K562",3,"ACTAAAGGCCTC","ACTAAAGGCCTC"
"GGCAACTGCTTA",1,1,"H1","H1",1,"GGCAACTGCTTA","GGCAACTGCTTA"
"GCGACACTGACA",3,NA,"K562","K562",3,"GCGACACTGACA","GCGACACTGACA"
"AAGGCCCGCCAC",3,NA,"K562","K562",3,"AAGGCCCGCCAC","AAGGCCCGCCAC"
"GTAGGACCGCGT",1,1,"H1","H1",1,"GTAGGACCGCGT","GTAGGACCGCGT"
"ACCGTTTCTCTC",2,3,"BJ","BJ",2,"ACCGTTTCTCTC","ACCGTTTCTCTC"
"TAAATAGTGTCG",2,3,"BJ","BJ",2,"TAAATAGTGTCG","TAAATAGTGTCG"
"GACAGGAAATAT",2,3,"BJ","BJ",2,"GACAGGAAATAT","GACAGGAAATAT"
"TCCAAATGGAAC",2,3,"BJ","BJ",2,"TCCAAATGGAAC","TCCAAATGGAAC"
"CCCTTCCATTTC",1,1,"H1","H1",1,"CCCTTCCATTTC","CCCTTCCATTTC"
"ACTTCCCAAAAG",3,NA,"K562","K562",3,"ACTTCCCAAAAG","ACTTCCCAAAAG"
"GAGATGGTATGA",1,1,"H1","H1",1,"GAGATGGTATGA","GAGATGGTATGA"
"GATTACGTTTGT",2,3,"BJ","BJ",2,"GATTACGTTTGT","GATTACGTTTGT"
"ACCAACGATTCG",3,NA,"K562","K562",3,"ACCAACGATTCG","ACCAACGATTCG"
"GACCTCCGCTAA",3,NA,"K562","K562",3,"GACCTCCGCTAA","GACCTCCGCTAA"
"ACGTATTGCCTT",3,NA,"K562","K562",3,"ACGTATTGCCTT","ACGTATTGCCTT"
"GGGTATCCTCTA",4,NA,"GM","GM",4,"GGGTATCCTCTA","GGGTATCCTCTA"
"TATAACGCGGAT",3,NA,"K562","K562",3,"TATAACGCGGAT","TATAACGCGGAT"
"AACCGTTAGGTC",3,NA,"K562","K562",3,"AACCGTTAGGTC","AACCGTTAGGTC"
"ACGAAATGGTAT",3,NA,"K562","K562",3,"ACGAAATGGTAT","ACGAAATGGTAT"
"GATAAAAGATGC",1,1,"H1","H1",1,"GATAAAAGATGC","GATAAAAGATGC"
"CGAGCAACATTA",2,3,"BJ","BJ",2,"CGAGCAACATTA","CGAGCAACATTA"
"TGTAGGGCTCAG",1,1,"H1","H1",1,"TGTAGGGCTCAG","TGTAGGGCTCAG"
"TTAGCGACTTGT",3,NA,"K562","K562",3,"TTAGCGACTTGT","TTAGCGACTTGT"
"GGAATTAAGTCG",3,NA,"K562","K562",3,"GGAATTAAGTCG","GGAATTAAGTCG"
"ACATCTAGGTAA",1,NA,"H1","H1",1,"ACATCTAGGTAA","ACATCTAGGTAA"
"GCTCCAGACATC",1,NA,"H1","H1",1,"GCTCCAGACATC","GCTCCAGACATC"
"GTCCTAGAACTG",2,3,"BJ","BJ",2,"GTCCTAGAACTG","GTCCTAGAACTG"
"TAGGTCGGATAA",1,NA,"H1","H1",1,"TAGGTCGGATAA","TAGGTCGGATAA"
"TGGTTACAACGA",1,1,"H1","H1",1,"TGGTTACAACGA","TGGTTACAACGA"
"AGTGTTAGCTTT",4,NA,"GM","GM",4,"AGTGTTAGCTTT","AGTGTTAGCTTT"
"CCTACACTCGGT",3,NA,"K562","K562",3,"CCTACACTCGGT","CCTACACTCGGT"
"AAAACCGGTACC",4,NA,"GM","GM",4,"AAAACCGGTACC","AAAACCGGTACC"
"GTGTGTCGGAGA",3,NA,"K562","K562",3,"GTGTGTCGGAGA","GTGTGTCGGAGA"
"GCCAGTCTGGCC",3,NA,"K562","K562",3,"GCCAGTCTGGCC","GCCAGTCTGGCC"
"ACAACGTGATCA",1,1,"H1","H1",1,"ACAACGTGATCA","ACAACGTGATCA"
"TAAAACAGTGCC",2,3,"BJ","BJ",2,"TAAAACAGTGCC","TAAAACAGTGCC"
"CCAGCATACTCT",1,1,"H1","H1",1,"CCAGCATACTCT","CCAGCATACTCT"
"CCGCGATTATAG",2,3,"BJ","BJ",2,"CCGCGATTATAG","CCGCGATTATAG"
"TAGAATTGCAGA",4,NA,"GM","GM",4,"TAGAATTGCAGA","TAGAATTGCAGA"
"ATGTAACTGGTG",3,NA,"K562","K562",3,"ATGTAACTGGTG","ATGTAACTGGTG"
"GGGTCGCCTTCT",2,3,"BJ","BJ",2,"GGGTCGCCTTCT","GGGTCGCCTTCT"
"TAGGGCTCGGAC",2,3,"BJ","BJ",2,"TAGGGCTCGGAC","TAGGGCTCGGAC"
"TTATGACAAGAA",1,1,"H1","H1",1,"TTATGACAAGAA","TTATGACAAGAA"
"ATGACTTACGCA",4,NA,"GM","GM",4,"ATGACTTACGCA","ATGACTTACGCA"
"GCACAACGGGTC",1,NA,"H1","H1",1,"GCACAACGGGTC","GCACAACGGGTC"
"ACCGCTAGCGGA",1,NA,"H1","H1",1,"ACCGCTAGCGGA","ACCGCTAGCGGA"
"GCTACACCAGTG",4,NA,"GM","GM",4,"GCTACACCAGTG","GCTACACCAGTG"
"TACGCTTCCAGG",3,NA,"K562","K562",3,"TACGCTTCCAGG","TACGCTTCCAGG"
"TGCCTCGATGAG",4,NA,"GM","GM",4,"TGCCTCGATGAG","TGCCTCGATGAG"
"GGCGGCGACTCC",2,3,"BJ","BJ",2,"GGCGGCGACTCC","GGCGGCGACTCC"
"TATCGCTGCTCC",1,NA,"H1","H1",1,"TATCGCTGCTCC","TATCGCTGCTCC"
"ACAACCACCAAG",3,NA,"K562","K562",3,"ACAACCACCAAG","ACAACCACCAAG"
"TATGTCCCACGG",1,NA,"H1","H1",1,"TATGTCCCACGG","TATGTCCCACGG"
"TGGGTTAGACGT",2,3,"BJ","BJ",2,"TGGGTTAGACGT","TGGGTTAGACGT"
"GCGCATATAAGT",4,NA,"GM","GM",4,"GCGCATATAAGT","GCGCATATAAGT"
"GGGCTACAGCTG",2,3,"BJ","BJ",2,"GGGCTACAGCTG","GGGCTACAGCTG"
"TGAGGTTACTCG",1,1,"H1","H1",1,"TGAGGTTACTCG","TGAGGTTACTCG"
"TTCGTATGTTCC",3,NA,"K562","K562",3,"TTCGTATGTTCC","TTCGTATGTTCC"
"TATTGTCTGTGC",1,1,"H1","H1",1,"TATTGTCTGTGC","TATTGTCTGTGC"
"CCTCTAATATCT",1,1,"H1","H1",1,"CCTCTAATATCT","CCTCTAATATCT"
"TGCACCGAGGCC",4,NA,"GM","GM",4,"TGCACCGAGGCC","TGCACCGAGGCC"
"TACACCACAGTC",3,NA,"K562","K562",3,"TACACCACAGTC","TACACCACAGTC"
"TCATTATCTACT",3,NA,"K562","K562",3,"TCATTATCTACT","TCATTATCTACT"
"TTGTACAGCACA",4,NA,"GM","GM",4,"TTGTACAGCACA","TTGTACAGCACA"
"TTCATTATCTGC",1,NA,"H1","H1",1,"TTCATTATCTGC","TTCATTATCTGC"
"GGCGAATGCTAC",1,1,"H1","H1",1,"GGCGAATGCTAC","GGCGAATGCTAC"
"CATTGCGATCCT",3,NA,"K562","K562",3,"CATTGCGATCCT","CATTGCGATCCT"
"AACAGTTCCAAC",1,NA,"H1","H1",1,"AACAGTTCCAAC","AACAGTTCCAAC"
"CAGGTAACCCGG",1,1,"H1","H1",1,"CAGGTAACCCGG","CAGGTAACCCGG"
"TACTGCCAGCAC",1,1,"H1","H1",1,"TACTGCCAGCAC","TACTGCCAGCAC"
"CCCGTTCGTATC",1,NA,"H1","H1",1,"CCCGTTCGTATC","CCCGTTCGTATC"
"TTTACAACGTTG",2,3,"BJ","BJ",2,"TTTACAACGTTG","TTTACAACGTTG"
"AGAATTAGAGTA",2,3,"BJ","BJ",2,"AGAATTAGAGTA","AGAATTAGAGTA"
"AGCGGAAGGCCA",1,NA,"H1","H1",1,"AGCGGAAGGCCA","AGCGGAAGGCCA"
"ATATCCCATCAT",4,NA,"GM","GM",4,"ATATCCCATCAT","ATATCCCATCAT"
"CTTACTCGTTCC",4,NA,"GM","GM",4,"CTTACTCGTTCC","CTTACTCGTTCC"
"AACCCCGGCCAG",2,3,"BJ","BJ",2,"AACCCCGGCCAG","AACCCCGGCCAG"
"CGACGCCTACGA",1,NA,"H1","H1",1,"CGACGCCTACGA","CGACGCCTACGA"
"TTTCACGACATT",3,NA,"K562","K562",3,"TTTCACGACATT","TTTCACGACATT"
"GAATCCTTATGC",2,3,"BJ","BJ",2,"GAATCCTTATGC","GAATCCTTATGC"
"GCAAACCGCCTA",4,NA,"GM","GM",4,"GCAAACCGCCTA","GCAAACCGCCTA"
"AAGCTGGACGAT",1,NA,"H1","H1",1,"AAGCTGGACGAT","AAGCTGGACGAT"
"TCGAGAGTTGAG",2,3,"BJ","BJ",2,"TCGAGAGTTGAG","TCGAGAGTTGAG"
"AAGGGGCGACTC",1,1,"H1","H1",1,"AAGGGGCGACTC","AAGGGGCGACTC"
"GCCTTGCTGGTT",1,NA,"H1","H1",1,"GCCTTGCTGGTT","GCCTTGCTGGTT"
"CTGCAAGACGTA",2,3,"BJ","BJ",2,"CTGCAAGACGTA","CTGCAAGACGTA"
"CCAACCGTAGAT",3,NA,"K562","K562",3,"CCAACCGTAGAT","CCAACCGTAGAT"
"CGGTATCAGGAA",2,3,"BJ","BJ",2,"CGGTATCAGGAA","CGGTATCAGGAA"
"GGACGAATCCCA",3,NA,"K562","K562",3,"GGACGAATCCCA","GGACGAATCCCA"
"CGACCATTCTCA",2,3,"BJ","BJ",2,"CGACCATTCTCA","CGACCATTCTCA"
"GCGTCGTCCTAA",4,NA,"GM","GM",4,"GCGTCGTCCTAA","GCGTCGTCCTAA"
"CTCCAGAAATAG",1,1,"H1","H1",1,"CTCCAGAAATAG","CTCCAGAAATAG"
"TACGGTGAGTGT",3,NA,"K562","K562",3,"TACGGTGAGTGT","TACGGTGAGTGT"
"AAGCCTGTTGTA",1,NA,"H1","H1",1,"AAGCCTGTTGTA","AAGCCTGTTGTA"
"GATGTAGGAGGA",1,NA,"H1","H1",1,"GATGTAGGAGGA","GATGTAGGAGGA"
"ACCCTGGAGACG",1,NA,"H1","H1",1,"ACCCTGGAGACG","ACCCTGGAGACG"
"GTTTGGTGGTCG",1,NA,"H1","H1",1,"GTTTGGTGGTCG","GTTTGGTGGTCG"
"GAGTCAACGGAA",3,NA,"K562","K562",3,"GAGTCAACGGAA","GAGTCAACGGAA"
"ACCTGGGGCAAC",2,3,"BJ","BJ",2,"ACCTGGGGCAAC","ACCTGGGGCAAC"
"CGGATTGTTATT",3,NA,"K562","K562",3,"CGGATTGTTATT","CGGATTGTTATT"
"TGTTTACGCCTT",2,3,"BJ","BJ",2,"TGTTTACGCCTT","TGTTTACGCCTT"
"AAGTTCCGAAAT",3,NA,"K562","K562",3,"AAGTTCCGAAAT","AAGTTCCGAAAT"
"CCGACGACCCTC",2,3,"BJ","BJ",2,"CCGACGACCCTC","CCGACGACCCTC"
"GAGGGGCTCAAA",1,NA,"H1","H1",1,"GAGGGGCTCAAA","GAGGGGCTCAAA"
"GTATTCCGATTA",1,1,"H1","H1",1,"GTATTCCGATTA","GTATTCCGATTA"
"TATCAAAGCGAG",2,3,"BJ","BJ",2,"TATCAAAGCGAG","TATCAAAGCGAG"
"CACATGCAGCAC",2,3,"BJ","BJ",2,"CACATGCAGCAC","CACATGCAGCAC"
"CTCACCTCTGAT",1,NA,"H1","H1",1,"CTCACCTCTGAT","CTCACCTCTGAT"
"TCGGGGCTCATA",2,3,"BJ","BJ",2,"TCGGGGCTCATA","TCGGGGCTCATA"
"CCCGAATCTATG",2,3,"BJ","BJ",2,"CCCGAATCTATG","CCCGAATCTATG"
"CGGTACATTTGA",3,NA,"K562","K562",3,"CGGTACATTTGA","CGGTACATTTGA"
"ACTTGACTTGGC",3,NA,"K562","K562",3,"ACTTGACTTGGC","ACTTGACTTGGC"
"ATGGTCCGTAAG",4,NA,"GM","GM",4,"ATGGTCCGTAAG","ATGGTCCGTAAG"
"CCAAGTGCCCTA",3,NA,"K562","K562",3,"CCAAGTGCCCTA","CCAAGTGCCCTA"
"GTCGACCAATTG",2,3,"BJ","BJ",2,"GTCGACCAATTG","GTCGACCAATTG"
"CTGTCCGACCAT",4,NA,"GM","GM",4,"CTGTCCGACCAT","CTGTCCGACCAT"
"TGCCTTCTTTGA",2,3,"BJ","BJ",2,"TGCCTTCTTTGA","TGCCTTCTTTGA"
"TGTAGATATTGA",1,NA,"H1","H1",1,"TGTAGATATTGA","TGTAGATATTGA"
"AGGTAGCTTGGT",2,3,"BJ","BJ",2,"AGGTAGCTTGGT","AGGTAGCTTGGT"
"TTGCCGGAGGGC",1,NA,"H1","H1",1,"TTGCCGGAGGGC","TTGCCGGAGGGC"
"GTAGGCTGGAGT",3,NA,"K562","K562",3,"GTAGGCTGGAGT","GTAGGCTGGAGT"
"CGACTAGAACCA",1,NA,"H1","H1",1,"CGACTAGAACCA","CGACTAGAACCA"
"GTGCCACACATT",2,3,"BJ","BJ",2,"GTGCCACACATT","GTGCCACACATT"
"GACGACATGTTC",1,NA,"H1","H1",1,"GACGACATGTTC","GACGACATGTTC"
"GGCTGTACAACA",2,3,"BJ","BJ",2,"GGCTGTACAACA","GGCTGTACAACA"
"AACGGGCCGCCA",1,NA,"H1","H1",1,"AACGGGCCGCCA","AACGGGCCGCCA"
"AGACGAACCTAT",1,NA,"H1","H1",1,"AGACGAACCTAT","AGACGAACCTAT"
"CGAAGTTTCGTA",2,3,"BJ","BJ",2,"CGAAGTTTCGTA","CGAAGTTTCGTA"
"GTTGGGTAACAC",1,NA,"H1","H1",1,"GTTGGGTAACAC","GTTGGGTAACAC"
"AACACAGGACAT",3,NA,"K562","K562",3,"AACACAGGACAT","AACACAGGACAT"
"AAGATTTAGGTA",2,3,"BJ","BJ",2,"AAGATTTAGGTA","AAGATTTAGGTA"
"AGTTTTATACCT",3,NA,"K562","K562",3,"AGTTTTATACCT","AGTTTTATACCT"
"CAACAAGAGTAC",1,1,"H1","H1",1,"CAACAAGAGTAC","CAACAAGAGTAC"
"GGTTACCGTCTT",3,NA,"K562","K562",3,"GGTTACCGTCTT","GGTTACCGTCTT"
"TGAGTGAATGTT",4,NA,"GM","GM",4,"TGAGTGAATGTT","TGAGTGAATGTT"
"CTGTAGCCATCC",4,NA,"GM","GM",4,"CTGTAGCCATCC","CTGTAGCCATCC"
"GGATAGGGCCCC",2,3,"BJ","BJ",2,"GGATAGGGCCCC","GGATAGGGCCCC"
"TGCACTTCACAT",3,NA,"K562","K562",3,"TGCACTTCACAT","TGCACTTCACAT"
"CGCGATACGGCG",2,3,"BJ","BJ",2,"CGCGATACGGCG","CGCGATACGGCG"
"TGTGCCCGATAG",2,3,"BJ","BJ",2,"TGTGCCCGATAG","TGTGCCCGATAG"
"CTCTACATCCTC",2,3,"BJ","BJ",2,"CTCTACATCCTC","CTCTACATCCTC"
"TAGTGTCTGGCG",2,3,"BJ","BJ",2,"TAGTGTCTGGCG","TAGTGTCTGGCG"
"CAACCCTGTGTC",2,3,"BJ","BJ",2,"CAACCCTGTGTC","CAACCCTGTGTC"
"AGTTGGGCAGTC",3,NA,"K562","K562",3,"AGTTGGGCAGTC","AGTTGGGCAGTC"
"ATTAAGCAGAAC",1,NA,"H1","H1",1,"ATTAAGCAGAAC","ATTAAGCAGAAC"
"CTTGCGACACTT",3,NA,"K562","K562",3,"CTTGCGACACTT","CTTGCGACACTT"
"TTCGCTGCGTTT",3,NA,"K562","K562",3,"TTCGCTGCGTTT","TTCGCTGCGTTT"
"GTTGAACCGATT",2,3,"BJ","BJ",2,"GTTGAACCGATT","GTTGAACCGATT"
"TCCTTTTTTAGT",1,NA,"H1","H1",1,"TCCTTTTTTAGT","TCCTTTTTTAGT"
"GCTAATGCCCAT",1,NA,"H1","H1",1,"GCTAATGCCCAT","GCTAATGCCCAT"
"GGGCCAAACACC",4,NA,"GM","GM",4,"GGGCCAAACACC","GGGCCAAACACC"
"TCCCTGAGGTTT",4,NA,"GM","GM",4,"TCCCTGAGGTTT","TCCCTGAGGTTT"
"TAAGTGCGCTAC",1,NA,"H1","H1",1,"TAAGTGCGCTAC","TAAGTGCGCTAC"
"TCGAACCGGTCA",1,1,"H1","H1",1,"TCGAACCGGTCA","TCGAACCGGTCA"
"AGTGAACCAGTG",2,3,"BJ","BJ",2,"AGTGAACCAGTG","AGTGAACCAGTG"
"TAAACACGTAAG",3,NA,"K562","K562",3,"TAAACACGTAAG","TAAACACGTAAG"
"TATAGGCGAATA",4,NA,"GM","GM",4,"TATAGGCGAATA","TATAGGCGAATA"
"AAAATTCGATCA",2,3,"BJ","BJ",2,"AAAATTCGATCA","AAAATTCGATCA"
"GGGAGACGAAGC",1,NA,"H1","H1",1,"GGGAGACGAAGC","GGGAGACGAAGC"
"TGCATAGCTATC",2,3,"BJ","BJ",2,"TGCATAGCTATC","TGCATAGCTATC"
"ATCCCCCAGGGA",1,NA,"H1","H1",1,"ATCCCCCAGGGA","ATCCCCCAGGGA"
"GTTCCGAACGGA",1,NA,"H1","H1",1,"GTTCCGAACGGA","GTTCCGAACGGA"
"ATCTATATTGAA",2,3,"BJ","BJ",2,"ATCTATATTGAA","ATCTATATTGAA"
"CGGAACTTCCCG",3,NA,"K562","K562",3,"CGGAACTTCCCG","CGGAACTTCCCG"
"CGTGTAACGTAG",2,3,"BJ","BJ",2,"CGTGTAACGTAG","CGTGTAACGTAG"
"GCTGTTATGGGA",4,NA,"GM","GM",4,"GCTGTTATGGGA","GCTGTTATGGGA"
"TCGGGGATCACA",2,3,"BJ","BJ",2,"TCGGGGATCACA","TCGGGGATCACA"
"ATTACTGCAGTC",4,NA,"GM","GM",4,"ATTACTGCAGTC","ATTACTGCAGTC"
"CTGCGACACTGG",2,3,"BJ","BJ",2,"CTGCGACACTGG","CTGCGACACTGG"
"AAACCGCCATAT",2,3,"BJ","BJ",2,"AAACCGCCATAT","AAACCGCCATAT"
"ACCTTGACATGG",2,3,"BJ","BJ",2,"ACCTTGACATGG","ACCTTGACATGG"
"CTTATGACGGCG",3,NA,"K562","K562",3,"CTTATGACGGCG","CTTATGACGGCG"
"AGTCAGGAACGT",4,NA,"GM","GM",4,"AGTCAGGAACGT","AGTCAGGAACGT"
"GCCAGCCACTTT",4,NA,"GM","GM",4,"GCCAGCCACTTT","GCCAGCCACTTT"
"AATTCACGTATG",2,3,"BJ","BJ",2,"AATTCACGTATG","AATTCACGTATG"
"TTACACCGCTTG",2,3,"BJ","BJ",2,"TTACACCGCTTG","TTACACCGCTTG"
"GAGTAACATAGG",2,3,"BJ","BJ",2,"GAGTAACATAGG","GAGTAACATAGG"
"TTGATAAGGCTG",3,NA,"K562","K562",3,"TTGATAAGGCTG","TTGATAAGGCTG"
"AGCCGACGATGC",1,NA,"H1","H1",1,"AGCCGACGATGC","AGCCGACGATGC"
"AGTGGTCTCCAA",2,3,"BJ","BJ",2,"AGTGGTCTCCAA","AGTGGTCTCCAA"
"CATAAGCCAGCC",4,NA,"GM","GM",4,"CATAAGCCAGCC","CATAAGCCAGCC"
"TTACACCTGCAC",1,NA,"H1","H1",1,"TTACACCTGCAC","TTACACCTGCAC"
"ACAAGCTAGGCG",2,3,"BJ","BJ",2,"ACAAGCTAGGCG","ACAAGCTAGGCG"
"ACACTGAGCAGG",1,1,"H1","H1",1,"ACACTGAGCAGG","ACACTGAGCAGG"
"TCCACCTCACCT",1,NA,"H1","H1",1,"TCCACCTCACCT","TCCACCTCACCT"
"CGGTAGAGCTAT",3,NA,"K562","K562",3,"CGGTAGAGCTAT","CGGTAGAGCTAT"
"ATTTGGCTACAA",4,NA,"GM","GM",4,"ATTTGGCTACAA","ATTTGGCTACAA"
"TCAGCTTCGGAC",1,NA,"H1","H1",1,"TCAGCTTCGGAC","TCAGCTTCGGAC"
"CTTGCCGCCATT",4,NA,"GM","GM",4,"CTTGCCGCCATT","CTTGCCGCCATT"
"AAGCCCTAGACC",2,3,"BJ","BJ",2,"AAGCCCTAGACC","AAGCCCTAGACC"
"ACAATTGCCTAC",1,1,"H1","H1",1,"ACAATTGCCTAC","ACAATTGCCTAC"
"CTTAGTCTGAGA",2,3,"BJ","BJ",2,"CTTAGTCTGAGA","CTTAGTCTGAGA"
"AGGACGATTGTT",4,NA,"GM","GM",4,"AGGACGATTGTT","AGGACGATTGTT"
"GGGAGTTAAACC",2,3,"BJ","BJ",2,"GGGAGTTAAACC","GGGAGTTAAACC"
"ACTTGTTAGTCT",4,NA,"GM","GM",4,"ACTTGTTAGTCT","ACTTGTTAGTCT"
"ATCGTTGGGCTG",1,NA,"H1","H1",1,"ATCGTTGGGCTG","ATCGTTGGGCTG"
"ACGAACGCGCTT",1,1,"H1","H1",1,"ACGAACGCGCTT","ACGAACGCGCTT"
"CCAAATTACCGG",3,NA,"K562","K562",3,"CCAAATTACCGG","CCAAATTACCGG"
"CTTTTAGGTCGG",2,3,"BJ","BJ",2,"CTTTTAGGTCGG","CTTTTAGGTCGG"
"ATCAGCTTGAAA",2,3,"BJ","BJ",2,"ATCAGCTTGAAA","ATCAGCTTGAAA"
"ATAGTACCCTCC",4,NA,"GM","GM",4,"ATAGTACCCTCC","ATAGTACCCTCC"
"GCGTGGTTACGC",3,NA,"K562","K562",3,"GCGTGGTTACGC","GCGTGGTTACGC"
"GTAGTTCCGTTG",4,NA,"GM","GM",4,"GTAGTTCCGTTG","GTAGTTCCGTTG"
"CGTCCTTAGATC",2,3,"BJ","BJ",2,"CGTCCTTAGATC","CGTCCTTAGATC"
"GGAGTATAAACT",2,3,"BJ","BJ",2,"GGAGTATAAACT","GGAGTATAAACT"
"GTAAATTACTGG",2,3,"BJ","BJ",2,"GTAAATTACTGG","GTAAATTACTGG"
"TCGCAAGCACTC",3,NA,"K562","K562",3,"TCGCAAGCACTC","TCGCAAGCACTC"
"ATGTGAGGGTGG",3,NA,"K562","K562",3,"ATGTGAGGGTGG","ATGTGAGGGTGG"
"CCTTGTTCATTT",1,NA,"H1","H1",1,"CCTTGTTCATTT","CCTTGTTCATTT"
"GTTGTCATTATC",4,NA,"GM","GM",4,"GTTGTCATTATC","GTTGTCATTATC"
"CAGAGCAACTTT",2,3,"BJ","BJ",2,"CAGAGCAACTTT","CAGAGCAACTTT"
"CTCGTTCTGTAA",1,NA,"H1","H1",1,"CTCGTTCTGTAA","CTCGTTCTGTAA"
"GTGGATGATCAC",2,3,"BJ","BJ",2,"GTGGATGATCAC","GTGGATGATCAC"
"TGGGTAGTGCCG",3,NA,"K562","K562",3,"TGGGTAGTGCCG","TGGGTAGTGCCG"
"GATCTCCACAGG",4,NA,"GM","GM",4,"GATCTCCACAGG","GATCTCCACAGG"
"CGACCGACTTTC",1,NA,"H1","H1",1,"CGACCGACTTTC","CGACCGACTTTC"
"GCTAACCTTATC",4,NA,"GM","GM",4,"GCTAACCTTATC","GCTAACCTTATC"
"GGTGCCTACAGT",3,NA,"K562","K562",3,"GGTGCCTACAGT","GGTGCCTACAGT"
"CGATTGTTAGCT",2,3,"BJ","BJ",2,"CGATTGTTAGCT","CGATTGTTAGCT"
"GGCTGCCACACT",2,3,"BJ","BJ",2,"GGCTGCCACACT","GGCTGCCACACT"
"TCGTCGGCACTT",1,NA,"H1","H1",1,"TCGTCGGCACTT","TCGTCGGCACTT"
"CGAGATGTCGCA",3,NA,"K562","K562",3,"CGAGATGTCGCA","CGAGATGTCGCA"
"CTTGACAGTCTG",4,NA,"GM","GM",4,"CTTGACAGTCTG","CTTGACAGTCTG"
"GTAATATGATGC",4,NA,"GM","GM",4,"GTAATATGATGC","GTAATATGATGC"
"AGCACCGTATTT",1,NA,"H1","H1",1,"AGCACCGTATTT","AGCACCGTATTT"
"ATCTGATACGTG",1,1,"H1","H1",1,"ATCTGATACGTG","ATCTGATACGTG"
"GGGACAATCCGT",3,NA,"K562","K562",3,"GGGACAATCCGT","GGGACAATCCGT"
"GGGTGCTCGGTT",1,NA,"H1","H1",1,"GGGTGCTCGGTT","GGGTGCTCGGTT"
"AGTATACCTGAG",3,NA,"K562","K562",3,"AGTATACCTGAG","AGTATACCTGAG"
"ATTTGTTGAGCA",1,NA,"H1","H1",1,"ATTTGTTGAGCA","ATTTGTTGAGCA"
"TTTTAACGAGAG",3,NA,"K562","K562",3,"TTTTAACGAGAG","TTTTAACGAGAG"
"CCACCGAGCAAA",1,NA,"H1","H1",1,"CCACCGAGCAAA","CCACCGAGCAAA"
"GGCGGATACACG",1,1,"H1","H1",1,"GGCGGATACACG","GGCGGATACACG"
"AGCGTTGCGAGC",3,NA,"K562","K562",3,"AGCGTTGCGAGC","AGCGTTGCGAGC"
"CCCCAGCATAGG",1,NA,"H1","H1",1,"CCCCAGCATAGG","CCCCAGCATAGG"
"AAACGAAAAGTC",3,NA,"K562","K562",3,"AAACGAAAAGTC","AAACGAAAAGTC"
"AGTGTTACCCTG",1,1,"H1","H1",1,"AGTGTTACCCTG","AGTGTTACCCTG"
"CCCGGCTTTTGG",2,3,"BJ","BJ",2,"CCCGGCTTTTGG","CCCGGCTTTTGG"
"AGCCAATACCCT",2,3,"BJ","BJ",2,"AGCCAATACCCT","AGCCAATACCCT"
"ATCGCGTGTATC",1,NA,"H1","H1",1,"ATCGCGTGTATC","ATCGCGTGTATC"
"CATGTCCCGGCC",1,NA,"H1","H1",1,"CATGTCCCGGCC","CATGTCCCGGCC"
"CTGGTTAGTCAC",5,NA,"GM","GM",4,"CTGGTTAGTCAC","CTGGTTAGTCAC"
"CGGAGGAGGCTA",3,NA,"K562","K562",3,"CGGAGGAGGCTA","CGGAGGAGGCTA"
"GGATACGAAATA",1,1,"H1","H1",1,"GGATACGAAATA","GGATACGAAATA"
"CGAGCGGATAAG",3,NA,"K562","K562",3,"CGAGCGGATAAG","CGAGCGGATAAG"
"GGGCTATCTGAC",4,NA,"GM","GM",4,"GGGCTATCTGAC","GGGCTATCTGAC"
"TTCAGGGAGTTT",1,NA,"H1","H1",1,"TTCAGGGAGTTT","TTCAGGGAGTTT"
"ATATTTTGCTAT",1,1,"H1","H1",1,"ATATTTTGCTAT","ATATTTTGCTAT"
"CACATCGCATCG",2,3,"BJ","BJ",2,"CACATCGCATCG","CACATCGCATCG"
"GTGAGCTAGAGA",3,NA,"K562","K562",3,"GTGAGCTAGAGA","GTGAGCTAGAGA"
"CTCAGTGAGATG",4,NA,"GM","GM",4,"CTCAGTGAGATG","CTCAGTGAGATG"
"CTTACCAGAGGT",3,NA,"K562","K562",3,"CTTACCAGAGGT","CTTACCAGAGGT"
"GGAGTGGGATGC",3,NA,"K562","K562",3,"GGAGTGGGATGC","GGAGTGGGATGC"
"TCTGAGTTAACC",2,3,"BJ","BJ",2,"TCTGAGTTAACC","TCTGAGTTAACC"
"CATAAGGTCGTT",2,3,"BJ","BJ",2,"CATAAGGTCGTT","CATAAGGTCGTT"
"GGTGTTTCCAGC",3,NA,"K562","K562",3,"GGTGTTTCCAGC","GGTGTTTCCAGC"
"GTGACTTCAAAT",2,3,"BJ","BJ",2,"GTGACTTCAAAT","GTGACTTCAAAT"
"TTCCGTTTGAGT",2,3,"BJ","BJ",2,"TTCCGTTTGAGT","TTCCGTTTGAGT"
"CCTGTGATAAGG",3,NA,"K562","K562",3,"CCTGTGATAAGG","CCTGTGATAAGG"
"CCTTCGCTGCCG",1,NA,"H1","H1",1,"CCTTCGCTGCCG","CCTTCGCTGCCG"
"GGAGCTGTTAGA",1,NA,"H1","H1",1,"GGAGCTGTTAGA","GGAGCTGTTAGA"
"CGCAGAGAAGCC",2,3,"BJ","BJ",2,"CGCAGAGAAGCC","CGCAGAGAAGCC"
"GTCACTTGATCA",4,NA,"GM","GM",4,"GTCACTTGATCA","GTCACTTGATCA"
"TAACTTATGCCA",1,NA,"H1","H1",1,"TAACTTATGCCA","TAACTTATGCCA"
"AAAGGGCCAAAG",2,3,"BJ","BJ",2,"AAAGGGCCAAAG","AAAGGGCCAAAG"
"TTAGCTTTGTAT",4,NA,"GM","GM",4,"TTAGCTTTGTAT","TTAGCTTTGTAT"
"CTGCAGTAATAA",2,NA,"BJ","BJ",2,"CTGCAGTAATAA","CTGCAGTAATAA"
"ACACCCAATATT",2,3,"BJ","BJ",2,"ACACCCAATATT","ACACCCAATATT"
"CGTATTCCAAGG",2,3,"BJ","BJ",2,"CGTATTCCAAGG","CGTATTCCAAGG"
"ACGTTCCGAGAA",4,NA,"GM","GM",4,"ACGTTCCGAGAA","ACGTTCCGAGAA"
"CTACCCTTTGAA",4,NA,"GM","GM",4,"CTACCCTTTGAA","CTACCCTTTGAA"
"GAATCGTTAAGG",2,3,"BJ","BJ",2,"GAATCGTTAAGG","GAATCGTTAAGG"
"GCCAACGAAATA",1,NA,"H1","H1",1,"GCCAACGAAATA","GCCAACGAAATA"
"AATCTATGTCGC",4,NA,"GM","GM",4,"AATCTATGTCGC","AATCTATGTCGC"
"AGGATAAGTTAT",2,3,"BJ","BJ",2,"AGGATAAGTTAT","AGGATAAGTTAT"
"TGTCAAGTTTAA",1,1,"H1","H1",1,"TGTCAAGTTTAA","TGTCAAGTTTAA"
"ACGCGCACCGGT",1,NA,"H1","H1",1,"ACGCGCACCGGT","ACGCGCACCGGT"
"GGACTAATGCGT",4,NA,"GM","GM",4,"GGACTAATGCGT","GGACTAATGCGT"
"AAGGCTTGCTGC",4,NA,"GM","GM",4,"AAGGCTTGCTGC","AAGGCTTGCTGC"
"CGCTAAAATGCT",2,3,"BJ","BJ",2,"CGCTAAAATGCT","CGCTAAAATGCT"
"ACACTCTGTTGC",2,3,"BJ","BJ",2,"ACACTCTGTTGC","ACACTCTGTTGC"
"ATTGTTGACTAA",1,NA,"H1","H1",1,"ATTGTTGACTAA","ATTGTTGACTAA"
"CCCCTCACAGTT",3,NA,"K562","K562",3,"CCCCTCACAGTT","CCCCTCACAGTT"
"TAAGCTCTTAAG",1,NA,"H1","H1",1,"TAAGCTCTTAAG","TAAGCTCTTAAG"
"CGCTACGCTGTA",1,1,"H1","H1",1,"CGCTACGCTGTA","CGCTACGCTGTA"
"AGACCGCCATCA",4,NA,"GM","GM",4,"AGACCGCCATCA","AGACCGCCATCA"
"CGCTCGGGTGAG",3,NA,"K562","K562",3,"CGCTCGGGTGAG","CGCTCGGGTGAG"
"ATAATGGTTGTC",4,NA,"GM","GM",4,"ATAATGGTTGTC","ATAATGGTTGTC"
"CTACTGCCCCCA",4,NA,"GM","GM",4,"CTACTGCCCCCA","CTACTGCCCCCA"
"TTGCCGCGACAC",3,NA,"K562","K562",3,"TTGCCGCGACAC","TTGCCGCGACAC"
"GAAGAGCCATGC",2,3,"BJ","BJ",2,"GAAGAGCCATGC","GAAGAGCCATGC"
"TTCGGGCTCTAC",4,NA,"GM","GM",4,"TTCGGGCTCTAC","TTCGGGCTCTAC"
"CTCAGGCTGTTC",4,NA,"GM","GM",4,"CTCAGGCTGTTC","CTCAGGCTGTTC"
"CGAAGCCAGGCA",4,NA,"GM","GM",4,"CGAAGCCAGGCA","CGAAGCCAGGCA"
"CGTGTTACGCAC",3,NA,"K562","K562",3,"CGTGTTACGCAC","CGTGTTACGCAC"
"GCCCTGACAACC",4,NA,"GM","GM",4,"GCCCTGACAACC","GCCCTGACAACC"
"CTCGCCCGATGT",3,NA,"K562","K562",3,"CTCGCCCGATGT","CTCGCCCGATGT"
"GCTCTAGCGCTG",4,NA,"GM","GM",4,"GCTCTAGCGCTG","GCTCTAGCGCTG"
"GAGTTGCGAGTG",4,NA,"GM","GM",4,"GAGTTGCGAGTG","GAGTTGCGAGTG"
"TTCCCTGGCGAG",3,NA,"K562","K562",3,"TTCCCTGGCGAG","TTCCCTGGCGAG"
"GCCGTCACGATC",4,NA,"GM","GM",4,"GCCGTCACGATC","GCCGTCACGATC"
"ATAGGTGACATA",2,3,"BJ","BJ",2,"ATAGGTGACATA","ATAGGTGACATA"
"CCACCGATGCAT",2,3,"BJ","BJ",2,"CCACCGATGCAT","CCACCGATGCAT"
"ATCGGCCTGGTT",1,NA,"H1","H1",1,"ATCGGCCTGGTT","ATCGGCCTGGTT"
"CACGCATGCGCA",4,NA,"GM","GM",4,"CACGCATGCGCA","CACGCATGCGCA"
"CTTTGACGGGTA",4,NA,"GM","GM",4,"CTTTGACGGGTA","CTTTGACGGGTA"
"CGCCCCGAGATT",1,NA,"H1","H1",1,"CGCCCCGAGATT","CGCCCCGAGATT"
"TCACATGACAGC",1,NA,"H1","H1",1,"TCACATGACAGC","TCACATGACAGC"
"GACCTCGGGGTT",4,NA,"GM","GM",4,"GACCTCGGGGTT","GACCTCGGGGTT"
"ATTGCAAGCGCG",4,NA,"GM","GM",4,"ATTGCAAGCGCG","ATTGCAAGCGCG"
"CATGAAACTTGT",4,NA,"GM","GM",4,"CATGAAACTTGT","CATGAAACTTGT"
"GACGATATCCCG",4,NA,"GM","GM",4,"GACGATATCCCG","GACGATATCCCG"
"ATATCAGCCAGA",2,3,"BJ","BJ",2,"ATATCAGCCAGA","ATATCAGCCAGA"
"CGCGCGGGGCTG",2,3,"BJ","BJ",2,"CGCGCGGGGCTG","CGCGCGGGGCTG"
"CTCTCAGGACTC",2,3,"BJ","BJ",2,"CTCTCAGGACTC","CTCTCAGGACTC"
"TAGATGGTCCGG",1,NA,"H1","H1",1,"TAGATGGTCCGG","TAGATGGTCCGG"
"ACAATCCGTCTG",1,NA,"H1","H1",1,"ACAATCCGTCTG","ACAATCCGTCTG"
"TCGCGAGGTGTC",2,3,"BJ","BJ",2,"TCGCGAGGTGTC","TCGCGAGGTGTC"
"CTGGACGGGCGC",2,3,"BJ","BJ",2,"CTGGACGGGCGC","CTGGACGGGCGC"
"CGCGCAACCGAA",1,NA,"H1","H1",1,"CGCGCAACCGAA","CGCGCAACCGAA"
"GGTCATCAGACA",1,1,"H1","H1",1,"GGTCATCAGACA","GGTCATCAGACA"
"CCGATAAGAGCC",4,NA,"GM","GM",4,"CCGATAAGAGCC","CCGATAAGAGCC"
"TGAGAGTGGACT",4,NA,"GM","GM",4,"TGAGAGTGGACT","TGAGAGTGGACT"
"TTCGCGCTCGGA",4,NA,"GM","GM",4,"TTCGCGCTCGGA","TTCGCGCTCGGA"
"CGGTATGGGTGC",1,1,"H1","H1",1,"CGGTATGGGTGC","CGGTATGGGTGC"
"GAGTACTAGAGT",2,3,"BJ","BJ",2,"GAGTACTAGAGT","GAGTACTAGAGT"
"TTAGGGCTTGGC",1,1,"H1","H1",1,"TTAGGGCTTGGC","TTAGGGCTTGGC"
"AGGAAGAAACCA",3,NA,"K562","K562",3,"AGGAAGAAACCA","AGGAAGAAACCA"
"GCAATCATAGTG",2,3,"BJ","BJ",2,"GCAATCATAGTG","GCAATCATAGTG"
"ATAACCAAAAGA",3,NA,"K562","K562",3,"ATAACCAAAAGA","ATAACCAAAAGA"
"GAGTAATTCTGT",3,NA,"K562","K562",3,"GAGTAATTCTGT","GAGTAATTCTGT"
"CCACTCAACACC",4,NA,"GM","GM",4,"CCACTCAACACC","CCACTCAACACC"
"TGTAGCAGCTGC",1,NA,"H1","H1",1,"TGTAGCAGCTGC","TGTAGCAGCTGC"
"GGAGTTACCGAG",2,3,"BJ","BJ",2,"GGAGTTACCGAG","GGAGTTACCGAG"
"AGAAGTTAGACA",2,3,"BJ","BJ",2,"AGAAGTTAGACA","AGAAGTTAGACA"
"GCGTTATTCTTG",4,NA,"GM","GM",4,"GCGTTATTCTTG","GCGTTATTCTTG"
"TCTAACTGCGAG",2,3,"BJ","BJ",2,"TCTAACTGCGAG","TCTAACTGCGAG"
"GGCGTGGTCATG",2,3,"BJ","BJ",2,"GGCGTGGTCATG","GGCGTGGTCATG"
"GGGTCAAAGCCA",1,NA,"H1","H1",1,"GGGTCAAAGCCA","GGGTCAAAGCCA"
"CGGGTGGGATCC",1,1,"H1","H1",1,"CGGGTGGGATCC","CGGGTGGGATCC"
"CTAGCACAAATC",1,1,"H1","H1",1,"CTAGCACAAATC","CTAGCACAAATC"
"GTCCTCCTCCGC",4,NA,"GM","GM",4,"GTCCTCCTCCGC","GTCCTCCTCCGC"
"TATTGTGGCTTT",1,1,"H1","H1",1,"TATTGTGGCTTT","TATTGTGGCTTT"
"TAGTCAGTCGTG",2,3,"BJ","BJ",2,"TAGTCAGTCGTG","TAGTCAGTCGTG"
"ACGACCTCGAAC",4,NA,"GM","GM",4,"ACGACCTCGAAC","ACGACCTCGAAC"
"CAGACCCTGACA",2,3,"BJ","BJ",2,"CAGACCCTGACA","CAGACCCTGACA"
"TTTTTTTGGTAG",1,NA,"H1","H1",1,"TTTTTTTGGTAG","TTTTTTTGGTAG"
"GTCTTTCGGCCC",2,3,"BJ","BJ",2,"GTCTTTCGGCCC","GTCTTTCGGCCC"
"GAGTTGGGGATG",2,3,"BJ","BJ",2,"GAGTTGGGGATG","GAGTTGGGGATG"
"GTAATTGGTGGC",3,NA,"K562","K562",3,"GTAATTGGTGGC","GTAATTGGTGGC"
"TGTTCGTGACTG",2,3,"BJ","BJ",2,"TGTTCGTGACTG","TGTTCGTGACTG"
"TGGAATCCGTAG",4,NA,"GM","GM",4,"TGGAATCCGTAG","TGGAATCCGTAG"
"GCCCGGGGCAAC",4,NA,"GM","GM",4,"GCCCGGGGCAAC","GCCCGGGGCAAC"
"GGGTCGATTGTT",1,NA,"H1","H1",1,"GGGTCGATTGTT","GGGTCGATTGTT"
"AATTTGGGAGCA",3,NA,"K562","K562",3,"AATTTGGGAGCA","AATTTGGGAGCA"
"GACTTTCCGTAC",3,NA,"K562","K562",3,"GACTTTCCGTAC","GACTTTCCGTAC"
"GGCTTCCCTTCG",3,NA,"K562","K562",3,"GGCTTCCCTTCG","GGCTTCCCTTCG"
"GAGTGGGGCCCT",4,NA,"GM","GM",4,"GAGTGGGGCCCT","GAGTGGGGCCCT"
"CAGCCCCAAGGC",4,NA,"GM","GM",4,"CAGCCCCAAGGC","CAGCCCCAAGGC"
"CATATACATAAA",1,1,"H1","H1",1,"CATATACATAAA","CATATACATAAA"
"TACCGACAATAG",1,NA,"H1","H1",1,"TACCGACAATAG","TACCGACAATAG"
"CACTGAAGGACC",2,3,"BJ","BJ",2,"CACTGAAGGACC","CACTGAAGGACC"
"AGTGAAGATGGC",4,NA,"GM","GM",4,"AGTGAAGATGGC","AGTGAAGATGGC"
"CTTATCATAGTA",1,NA,"H1","H1",1,"CTTATCATAGTA","CTTATCATAGTA"
"TTCGGTACAGTG",4,NA,"GM","GM",4,"TTCGGTACAGTG","TTCGGTACAGTG"
"TCCCTATTATCG",2,3,"BJ","BJ",2,"TCCCTATTATCG","TCCCTATTATCG"
"CAGTGCACTTGC",1,NA,"H1","H1",1,"CAGTGCACTTGC","CAGTGCACTTGC"
"GAATTGCCCGTA",2,3,"BJ","BJ",2,"GAATTGCCCGTA","GAATTGCCCGTA"
"AATCCCACTAAT",2,3,"BJ","BJ",2,"AATCCCACTAAT","AATCCCACTAAT"
"GGTAAGCGGTAC",2,3,"BJ","BJ",2,"GGTAAGCGGTAC","GGTAAGCGGTAC"
"TGACTAAGAGTC",1,1,"H1","H1",1,"TGACTAAGAGTC","TGACTAAGAGTC"
"GAGGGCCCTATG",3,NA,"K562","K562",3,"GAGGGCCCTATG","GAGGGCCCTATG"
"GAAAGAACGAAG",2,3,"BJ","BJ",2,"GAAAGAACGAAG","GAAAGAACGAAG"
"TCACCTTGCTAT",4,NA,"GM","GM",4,"TCACCTTGCTAT","TCACCTTGCTAT"
"ACGGCCTCCAAG",1,1,"H1","H1",1,"ACGGCCTCCAAG","ACGGCCTCCAAG"
"CGCGGTCGTCTC",1,NA,"H1","H1",1,"CGCGGTCGTCTC","CGCGGTCGTCTC"
"ACCGTTGGGGCT",2,3,"BJ","BJ",2,"ACCGTTGGGGCT","ACCGTTGGGGCT"
"GTTCTATTCCGG",2,3,"BJ","BJ",2,"GTTCTATTCCGG","GTTCTATTCCGG"
"GGCGCGTGAGCA",4,NA,"GM","GM",4,"GGCGCGTGAGCA","GGCGCGTGAGCA"
"ACGGACAGTATT",4,NA,"GM","GM",4,"ACGGACAGTATT","ACGGACAGTATT"
"TCCCAACTCAAG",2,3,"BJ","BJ",2,"TCCCAACTCAAG","TCCCAACTCAAG"
"CAGCGTCTGGTC",2,3,"BJ","BJ",2,"CAGCGTCTGGTC","CAGCGTCTGGTC"
"GGTGAACGTCTC",2,3,"BJ","BJ",2,"GGTGAACGTCTC","GGTGAACGTCTC"
"AATTTGTACATG",4,NA,"GM","GM",4,"AATTTGTACATG","AATTTGTACATG"
"CCGGCGTGCCCG",3,NA,"K562","K562",3,"CCGGCGTGCCCG","CCGGCGTGCCCG"
"GGGAGAACGATC",3,NA,"K562","K562",3,"GGGAGAACGATC","GGGAGAACGATC"
"TGTTCATAGGAC",4,NA,"GM","GM",4,"TGTTCATAGGAC","TGTTCATAGGAC"
"ATTAACACGGGG",2,3,"BJ","BJ",2,"ATTAACACGGGG","ATTAACACGGGG"
"ATCGTTGACTTC",1,1,"H1","H1",1,"ATCGTTGACTTC","ATCGTTGACTTC"
"CAAAAAGCCCAC",1,1,"H1","H1",1,"CAAAAAGCCCAC","CAAAAAGCCCAC"
"ACGGACGATTCA",3,NA,"K562","K562",3,"ACGGACGATTCA","ACGGACGATTCA"
"ACGCAGGAAGCG",2,3,"BJ","BJ",2,"ACGCAGGAAGCG","ACGCAGGAAGCG"
"GCGAGGCCCTGA",2,3,"BJ","BJ",2,"GCGAGGCCCTGA","GCGAGGCCCTGA"
"CTTTTATAATGT",2,3,"BJ","BJ",2,"CTTTTATAATGT","CTTTTATAATGT"
"TAGCCCGGTCCC",4,NA,"GM","GM",4,"TAGCCCGGTCCC","TAGCCCGGTCCC"
"TTCTAGCAGCCA",1,1,"H1","H1",1,"TTCTAGCAGCCA","TTCTAGCAGCCA"
"ACAGTTTAGAAA",2,3,"BJ","BJ",2,"ACAGTTTAGAAA","ACAGTTTAGAAA"
"GTTCCGCCACTC",4,NA,"GM","GM",4,"GTTCCGCCACTC","GTTCCGCCACTC"
"AGTACCGATTGG",1,NA,"H1","H1",1,"AGTACCGATTGG","AGTACCGATTGG"
"AGAAATACATTA",2,3,"BJ","BJ",2,"AGAAATACATTA","AGAAATACATTA"
"GGCCGCCCGGGG",2,3,"BJ","BJ",2,"GGCCGCCCGGGG","GGCCGCCCGGGG"
"TTCCCCTACAAC",2,3,"BJ","BJ",2,"TTCCCCTACAAC","TTCCCCTACAAC"
"TGTAATCATCTG",2,3,"BJ","BJ",2,"TGTAATCATCTG","TGTAATCATCTG"
"ACATAAATTAGT",1,NA,"H1","H1",1,"ACATAAATTAGT","ACATAAATTAGT"
"ATAGTGCTCGCC",1,1,"H1","H1",1,"ATAGTGCTCGCC","ATAGTGCTCGCC"
"GTTCTTCCTAGT",2,3,"BJ","BJ",2,"GTTCTTCCTAGT","GTTCTTCCTAGT"
"ATCCGTTCAACG",2,3,"BJ","BJ",2,"ATCCGTTCAACG","ATCCGTTCAACG"
"CCGACTAAGAAT",3,NA,"K562","K562",3,"CCGACTAAGAAT","CCGACTAAGAAT"
"AAGCCTGGGGGC",2,3,"BJ","BJ",2,"AAGCCTGGGGGC","AAGCCTGGGGGC"
"CAGCTGGTGATG",2,3,"BJ","BJ",2,"CAGCTGGTGATG","CAGCTGGTGATG"
