"sample_id"	"cell_type"	"cluster_id"
"1"	"ACTTTCTAATCA"	"H1"	"1"
"2"	"GAGAGAAAACCT"	"BJ"	"2"
"3"	"TACGGCTGTTAT"	"K562"	"3"
"4"	"GACGCGTAAGTG"	"H1"	"1"
"5"	"GAAAGGACTGCA"	"H1"	"1"
"6"	"TGACCTGGATAA"	"H1"	"1"
"7"	"ACTCCGTTCACT"	"H1"	"1"
"8"	"TAGGTAGCGCGC"	"H1"	"1"
"9"	"CTCTACCCTTCA"	"H1"	"1"
"10"	"GCCCGTTATCTG"	"H1"	"1"
"11"	"TTCTCGCCGTAA"	"H1"	"1"
"12"	"GCATGACATATA"	"BJ"	"2"
"13"	"GAAATTTATTAG"	"H1"	"1"
"14"	"CGTCCACGCTTT"	"BJ"	"2"
"15"	"CTCTGTTCGTCG"	"H1"	"1"
"16"	"GGTCCAAAAGCC"	"BJ"	"2"
"17"	"TAAAACTTCATA"	"H1"	"1"
"18"	"AGAGCCAAGCAC"	"K562"	"3"
"19"	"TATTTCCAATAA"	"H1"	"1"
"20"	"TTTGCCTGCTGT"	"H1"	"1"
"21"	"CGTCCTGAGCTT"	"H1"	"1"
"22"	"TGTGCATGTAAC"	"H1"	"1"
"23"	"AGCGTATACTAA"	"BJ"	"2"
"24"	"AAATTCAGGCGG"	"H1"	"1"
"25"	"ACCCTGTATTAC"	"H1"	"1"
"26"	"CATCTATCAAGG"	"H1"	"1"
"27"	"GTCAAGCACCGC"	"BJ"	"2"
"28"	"AGGGCGTTGTAG"	"H1"	"1"
"29"	"AAATCGATGAAT"	"H1"	"1"
"30"	"TTTTCCGCCACC"	"BJ"	"2"
"31"	"GGGTTCCTTCTT"	"K562"	"3"
"32"	"TAAACTCCGTCT"	"H1"	"1"
"33"	"ATAAAGAACATC"	"H1"	"1"
"34"	"ATGGTTTGTCCA"	"H1"	"1"
"35"	"GTGCCCTCTTTT"	"BJ"	"2"
"36"	"GTCTCGCAGGTT"	"BJ"	"2"
"37"	"CGCGCACTCGAT"	"K562"	"3"
"38"	"ACGGCCTCCAAA"	"H1"	"1"
"39"	"CATGAAAGTTGA"	"H1"	"1"
"40"	"CATGTCGCCTGA"	"BJ"	"2"
"41"	"CTGTACTAGAAG"	"H1"	"1"
"42"	"ATCTCGTGGTGC"	"BJ"	"2"
"43"	"GCACCATCATCA"	"H1"	"1"
"44"	"CTATCATTAAAT"	"BJ"	"2"
"45"	"TGAGGCGATGAC"	"H1"	"1"
"46"	"ATAAACAGCTGC"	"H1"	"1"
"47"	"GCCCCGAGTGGT"	"BJ"	"2"
"48"	"TTCCTTTCGTGC"	"H1"	"1"
"49"	"ACGCCCGGTACA"	"BJ"	"2"
"50"	"AGTCATCAATTC"	"H1"	"1"
"51"	"ACTCCTATACCC"	"H1"	"1"
"52"	"TCTCCGTTCCGC"	"BJ"	"2"
"53"	"TCATGAGTTCCG"	"H1"	"1"
"54"	"AAGTCGATCAAC"	"H1"	"1"
"55"	"GTATTATTATCT"	"H1"	"1"
"56"	"CGCACTATCTTC"	"H1"	"1"
"57"	"TACGAATACCTC"	"H1"	"1"
"58"	"ACTTGGTTCAAG"	"BJ"	"2"
"59"	"CTCACCATACGG"	"BJ"	"2"
"60"	"TTCATTGAGCAT"	"H1"	"1"
"61"	"ATCACGGTCCAC"	"H1"	"1"
"62"	"CACGATTTTACT"	"H1"	"1"
"63"	"GACAAACCCGCA"	"K562"	"3"
"64"	"AGACGAATCTAA"	"BJ"	"2"
"65"	"CCGATCATAAGA"	"K562"	"3"
"66"	"TCTCGACGCTTG"	"BJ"	"2"
"67"	"AGTTTTAGATTA"	"K562"	"3"
"68"	"CGAGTAAATATC"	"GM"	"4"
"69"	"ATTGCTTTCTGT"	"H1"	"1"
"70"	"GACGGATGTCAA"	"GM"	"4"
"71"	"GAAGCATAAGCC"	"H1"	"1"
"72"	"CCTACGGGTCAT"	"H1"	"1"
"73"	"GATTGGACCATT"	"H1"	"1"
"74"	"GCCCGATCGTTC"	"H1"	"1"
"75"	"TAGTAAGGCACT"	"H1"	"1"
"76"	"CGCGTTTTTATA"	"H1"	"1"
"77"	"GTCAGATTGCCT"	"H1"	"1"
"78"	"CACAACCGGTCT"	"H1"	"1"
"79"	"TCCCCCTCGGCT"	"BJ"	"2"
"80"	"AGCTCGATTAAA"	"BJ"	"2"
"81"	"TAGTGATTGTTC"	"BJ"	"2"
"82"	"TACTCGTTACCT"	"BJ"	"2"
"83"	"CGACAGTGAGTC"	"H1"	"1"
"84"	"GCTGACCGTCTC"	"BJ"	"2"
"85"	"TTAACGCCTACC"	"BJ"	"2"
"86"	"CGCCACGTCCCT"	"BJ"	"2"
"87"	"TGCCGGTTGTTC"	"BJ"	"2"
"88"	"TTCTAGGCCCGT"	"H1"	"1"
"89"	"ATCAACTAGAAT"	"H1"	"1"
"90"	"GCCCATCCTTCC"	"H1"	"1"
"91"	"GCAGTATCTCAA"	"H1"	"1"
"92"	"ATTGACCTTTTC"	"H1"	"1"
"93"	"GACGTATATGCC"	"H1"	"1"
"94"	"ATACGACGATTC"	"K562"	"3"
"95"	"CCCGACTCTCTA"	"H1"	"1"
"96"	"ACCGTTAGTGAC"	"H1"	"1"
"97"	"CGGCGCTTGCAC"	"BJ"	"2"
"98"	"CTCCTAGCCGTA"	"H1"	"1"
"99"	"GCGTCAAAGCGA"	"H1"	"1"
"100"	"AGGTGTGTGTCC"	"H1"	"1"
"101"	"GCAACGCCCGCC"	"BJ"	"2"
"102"	"AGTGGATCGCGT"	"BJ"	"2"
"103"	"ACAGAGAGGACA"	"BJ"	"2"
"104"	"TTCTGGACATGC"	"BJ"	"2"
"105"	"GCAGAACGCGGT"	"H1"	"1"
"106"	"GCTCCTATGATA"	"K562"	"3"
"107"	"ATCCTCTTACAT"	"H1"	"1"
"108"	"GGCTAAACGTAT"	"BJ"	"2"
"109"	"ATTTCGCACGTT"	"BJ"	"2"
"110"	"GGTATACTGATC"	"H1"	"1"
"111"	"CGTAACGGATCA"	"BJ"	"2"
"112"	"CCGGCATTCTCG"	"BJ"	"2"
"113"	"TTGCCTGCATTC"	"BJ"	"2"
"114"	"GTGGAGCTGTAA"	"H1"	"1"
"115"	"GCATTTCGAACC"	"BJ"	"2"
"116"	"GCCTTCTGTGGC"	"H1"	"1"
"117"	"GGACGGTGCGTC"	"K562"	"3"
"118"	"ACGTCATCCGTA"	"K562"	"3"
"119"	"TGATCCGGACTT"	"H1"	"1"
"120"	"CAGCAGTGAGAA"	"K562"	"3"
"121"	"CCCTTGTCATAA"	"H1"	"1"
"122"	"AGTCTCCTACTC"	"BJ"	"2"
"123"	"CAAAGGGCACTA"	"BJ"	"2"
"124"	"AAACCATTCTTC"	"BJ"	"2"
"125"	"GTGTTCGTCACC"	"BJ"	"2"
"126"	"AAGGCTGGTGAC"	"H1"	"1"
"127"	"CTTCAAACTCCC"	"H1"	"1"
"128"	"GCGCCATGTCCC"	"K562"	"3"
"129"	"GGTGGTGAGTAT"	"H1"	"1"
"130"	"CCCAACATGGAT"	"K562"	"3"
"131"	"CCACGGAGACAA"	"BJ"	"2"
"132"	"TTCCTTTCGGTA"	"H1"	"1"
"133"	"ACTTACCTACCC"	"BJ"	"2"
"134"	"CTGAGTCCAACA"	"BJ"	"2"
"135"	"GTGAGTCAGCCT"	"BJ"	"2"
"136"	"GTGCTTATAGTC"	"BJ"	"2"
"137"	"GTGTATTAGGTT"	"H1"	"1"
"138"	"GCTGGCCGTTGA"	"BJ"	"2"
"139"	"CCCCCCTGGGCT"	"BJ"	"2"
"140"	"AAAACACTCCTG"	"BJ"	"2"
"141"	"ACCAGACCCTAT"	"H1"	"1"
"142"	"CGATCATGGTCC"	"BJ"	"2"
"143"	"ACTCATAACTAG"	"H1"	"1"
"144"	"CTGGATGAGCCC"	"BJ"	"2"
"145"	"AGCCTTAGAACA"	"BJ"	"2"
"146"	"ACAATACGCGAG"	"H1"	"1"
"147"	"AACTTGGGACTT"	"BJ"	"2"
"148"	"TGGCCGATGGGA"	"BJ"	"2"
"149"	"CTCCTTATCCCA"	"BJ"	"2"
"150"	"AGCCCCTCACGC"	"BJ"	"2"
"151"	"TTCAGTTGTCTT"	"K562"	"3"
"152"	"GTGGCCCTCACC"	"H1"	"1"
"153"	"GGGCTCCACCAT"	"H1"	"1"
"154"	"GTGATCGCTGGA"	"H1"	"1"
"155"	"AATGCCAGACTA"	"H1"	"1"
"156"	"AATGTAGTCTCT"	"BJ"	"2"
"157"	"CTTTATCAAAAA"	"H1"	"1"
"158"	"TACCCCCGTATC"	"H1"	"1"
"159"	"TCAAGAATTGAA"	"BJ"	"2"
"160"	"TCCAGCCAAGGA"	"BJ"	"2"
"161"	"CAGCTTCTCGAA"	"BJ"	"2"
"162"	"CTGCCAAGACTC"	"BJ"	"2"
"163"	"AAACCGGATATC"	"BJ"	"2"
"164"	"TGCACTATCCTT"	"BJ"	"2"
"165"	"TAGGTAACTAGC"	"BJ"	"2"
"166"	"ACCCTAATTTAA"	"BJ"	"2"
"167"	"GATGTCACCAAC"	"H1"	"1"
"168"	"TGGAAAAGGTTT"	"BJ"	"2"
"169"	"CGCTATTTGCTA"	"H1"	"1"
"170"	"TGAGGCGCAACC"	"BJ"	"2"
"171"	"GACCCGGACGAG"	"H1"	"1"
"172"	"AACTAGCCAAAG"	"H1"	"1"
"173"	"ACGCTTATGACC"	"K562"	"3"
"174"	"CCGACGAAGGTT"	"BJ"	"2"
"175"	"CCAAAGTGTACC"	"BJ"	"2"
"176"	"GCTCCAGCCGGA"	"H1"	"1"
"177"	"GTTATATACGAC"	"H1"	"1"
"178"	"TACCAAAACATT"	"H1"	"1"
"179"	"AAACATCCCAGC"	"GM"	"4"
"180"	"AACCTTGGTCTC"	"K562"	"3"
"181"	"AATGATTCTGGC"	"BJ"	"2"
"182"	"AGCGTGTTTGAA"	"H1"	"1"
"183"	"AATAAATCTATC"	"BJ"	"2"
"184"	"CGAAACGGAGGC"	"K562"	"3"
"185"	"TTCATGCCATGT"	"BJ"	"2"
"186"	"TAAGACTGCTAC"	"K562"	"3"
"187"	"TCGGCCTTTCCC"	"H1"	"1"
"188"	"ACTGCCTATGGA"	"BJ"	"2"
"189"	"ATTGGATGTGGT"	"H1"	"1"
"190"	"GATAGTACCGAA"	"K562"	"3"
"191"	"CGAGGTGTTCGT"	"K562"	"3"
"192"	"GGTCTTTGTGCC"	"H1"	"1"
"193"	"AAGGTCAGCGGC"	"K562"	"3"
"194"	"GTACCACTTCAC"	"H1"	"1"
"195"	"GTACTGGGTCCC"	"H1"	"1"
"196"	"TTGAGTGAACTG"	"K562"	"3"
"197"	"GAATCCTCAGGC"	"H1"	"1"
"198"	"GGGCGCGATTTC"	"BJ"	"2"
"199"	"GTATCGTCGGAT"	"H1"	"1"
"200"	"AGGAGCCCCCGA"	"BJ"	"2"
"201"	"CGACACTTCCCC"	"K562"	"3"
"202"	"ACCAACCTCAGT"	"K562"	"3"
"203"	"GGTTCGGGATAC"	"H1"	"1"
"204"	"TTGCCCGGGTGA"	"BJ"	"2"
"205"	"TATTCGCGGTGT"	"H1"	"1"
"206"	"GAATTAGGCAAC"	"BJ"	"2"
"207"	"GGAGGATACTTA"	"H1"	"1"
"208"	"CGAATCTTTCAC"	"BJ"	"2"
"209"	"GATGTACGCAAA"	"BJ"	"2"
"210"	"ACCCTGGAAACC"	"K562"	"3"
"211"	"CCCGACAAAGAA"	"K562"	"3"
"212"	"TACACGGACTAC"	"GM"	"4"
"213"	"CCCGAGCACGCG"	"BJ"	"2"
"214"	"AGGGTCCGAATT"	"K562"	"3"
"215"	"TAACACAATTCG"	"H1"	"1"
"216"	"TGGGATTGACTA"	"BJ"	"2"
"217"	"GACTCACCTTGT"	"BJ"	"2"
"218"	"TGGCATTCTCCC"	"BJ"	"2"
"219"	"CGTTGTTTGAAG"	"K562"	"3"
"220"	"GCGGATCTATTG"	"BJ"	"2"
"221"	"CCGGGACATGAT"	"K562"	"3"
"222"	"TGTTCATTTCGT"	"BJ"	"2"
"223"	"CACATCATTAAC"	"H1"	"1"
"224"	"AACGTCCTACTA"	"H1"	"1"
"225"	"GCAGGCTAGTCA"	"BJ"	"2"
"226"	"CTTGCGGCCGCA"	"K562"	"3"
"227"	"ACCCTCGGTTTA"	"H1"	"1"
"228"	"AGATTACATCGT"	"H1"	"1"
"229"	"GTGATGCATAGA"	"H1"	"1"
"230"	"TGCCAACCATCA"	"BJ"	"2"
"231"	"ACTGCCTCGATC"	"H1"	"1"
"232"	"CGATAGGTCTGT"	"BJ"	"2"
"233"	"GTCTGAGTGCAG"	"BJ"	"2"
"234"	"GTAGCCGATCAA"	"BJ"	"2"
"235"	"AGGCTGATGGAT"	"H1"	"1"
"236"	"GTACGGTAACCG"	"K562"	"3"
"237"	"TGTACTCCCCCA"	"BJ"	"2"
"238"	"CTATTCCTATGA"	"BJ"	"2"
"239"	"GTTTTCCGCGTT"	"K562"	"3"
"240"	"TAAATCCTTCAT"	"BJ"	"2"
"241"	"ACAAATAACAGT"	"K562"	"3"
"242"	"TCGTGGTTTTTC"	"H1"	"1"
"243"	"AGGCTTCGTAAC"	"H1"	"1"
"244"	"ATCGGGCAAACG"	"H1"	"1"
"245"	"CACTCAGCGGCC"	"BJ"	"2"
"246"	"GCGACGCCACCA"	"H1"	"1"
"247"	"TGTGCACTTAAG"	"H1"	"1"
"248"	"GCGCTCTAAAGA"	"H1"	"1"
"249"	"GGACCCCGTCAT"	"BJ"	"2"
"250"	"CCAAATGCGGAT"	"H1"	"1"
"251"	"AGTCGTTTTCGA"	"K562"	"3"
"252"	"TGGATGCACAGA"	"BJ"	"2"
"253"	"ATAAGCGACGAA"	"H1"	"1"
"254"	"TCAGCTTCGCCA"	"BJ"	"2"
"255"	"AAGGTCCTCAGC"	"BJ"	"2"
"256"	"GGCTAATATCCG"	"K562"	"3"
"257"	"CAAGTACGCCCT"	"H1"	"1"
"258"	"ATTGAGCAGGAT"	"K562"	"3"
"259"	"GACACCTTCAGA"	"BJ"	"2"
"260"	"GCGTCCGACGCC"	"BJ"	"2"
"261"	"CCCTCCTCGGGC"	"BJ"	"2"
"262"	"GTCCAGGATGCC"	"BJ"	"2"
"263"	"CGTGGGGTGTTC"	"GM"	"4"
"264"	"CGACAGAAGATG"	"H1"	"1"
"265"	"GTCGCGTCCGTA"	"K562"	"3"
"266"	"GCCTTCCTGCCC"	"H1"	"1"
"267"	"AGAGGTAACCTT"	"H1"	"1"
"268"	"AAAAACGGCCTG"	"H1"	"1"
"269"	"AGGTGACCACTC"	"BJ"	"2"
"270"	"CGTGTCGAGATA"	"BJ"	"2"
"271"	"CGTGCTTTCCCA"	"H1"	"1"
"272"	"TTTGACAGTATG"	"H1"	"1"
"273"	"AGTCTAAGGTTA"	"BJ"	"2"
"274"	"GGCCACTTGCTG"	"BJ"	"2"
"275"	"AACCATAGTTAG"	"BJ"	"2"
"276"	"ACTCCATAACTT"	"BJ"	"2"
"277"	"TTCGTTTCAATC"	"H1"	"1"
"278"	"TTCTTATGCCCG"	"H1"	"1"
"279"	"ACTGGGGCTTTA"	"H1"	"1"
"280"	"TCGTGGATTTCG"	"H1"	"1"
"281"	"AACATCCCTGAG"	"H1"	"1"
"282"	"GCGGAAGATAGA"	"BJ"	"2"
"283"	"GCGAGCCAAGGG"	"K562"	"3"
"284"	"AACATCCATTCT"	"K562"	"3"
"285"	"CTCAAGGTTGGA"	"BJ"	"2"
"286"	"GACACTAGTGCT"	"BJ"	"2"
"287"	"CTCATAGGCACA"	"BJ"	"2"
"288"	"AAAGTGCCACAT"	"K562"	"3"
"289"	"AGAGAAGGTTCC"	"H1"	"1"
"290"	"CATCTTAATTAG"	"BJ"	"2"
"291"	"GCCTGACGACAA"	"H1"	"1"
"292"	"AAGGGTGCTAAC"	"BJ"	"2"
"293"	"GCGCTGCTGAAA"	"K562"	"3"
"294"	"GTGTGAAACAAA"	"BJ"	"2"
"295"	"ACTCTAAAAGGG"	"H1"	"1"
"296"	"GGGACGCCCTCA"	"H1"	"1"
"297"	"GTACCATGTGAT"	"BJ"	"2"
"298"	"GCCGTACCGCCT"	"BJ"	"2"
"299"	"TACACGGCCCGC"	"BJ"	"2"
"300"	"ATTCTAACGCCC"	"GM"	"4"
"301"	"CCCACTGTGGGT"	"BJ"	"2"
"302"	"GTCACTGGTCGC"	"BJ"	"2"
"303"	"CGCTCAGTTCCA"	"BJ"	"2"
"304"	"TGTGTTCTGGAG"	"BJ"	"2"
"305"	"TCGGATGTTGCC"	"GM"	"4"
"306"	"ATACAGTCGTCA"	"BJ"	"2"
"307"	"TAAGCCTCACAC"	"GM"	"4"
"308"	"TACAAGCTGCAG"	"H1"	"1"
"309"	"GTTTGCATGGTA"	"K562"	"3"
"310"	"AATAGCACTGAA"	"H1"	"1"
"311"	"TTACAGATCTAT"	"BJ"	"2"
"312"	"CGATCCGGCGTA"	"H1"	"1"
"313"	"AAGGAGAAATGT"	"GM"	"4"
"314"	"CTATTGCTCGTT"	"BJ"	"2"
"315"	"GTATGTTATGGT"	"BJ"	"2"
"316"	"TAACCTTACGAC"	"H1"	"1"
"317"	"CCTTGTCCGTTA"	"K562"	"3"
"318"	"AGTAGAATACAA"	"BJ"	"2"
"319"	"ACATCTTTGTCC"	"K562"	"3"
"320"	"GGCAATGACCAC"	"K562"	"3"
"321"	"GTAAGATGGCGC"	"BJ"	"2"
"322"	"GTAGCTGTGTTC"	"BJ"	"2"
"323"	"TGCCTCTGGCCT"	"H1"	"1"
"324"	"CCGGTAGGCAGC"	"BJ"	"2"
"325"	"CTCGACGTGTGA"	"H1"	"1"
"326"	"AAACCCATGTAC"	"H1"	"1"
"327"	"CCTAAATATGTC"	"BJ"	"2"
"328"	"AAAAGTGTCACG"	"BJ"	"2"
"329"	"TTGTGAAACCCG"	"BJ"	"2"
"330"	"CGAGTTTATCTC"	"BJ"	"2"
"331"	"GCGGTTATGTAG"	"BJ"	"2"
"332"	"TGATTAATGGAG"	"BJ"	"2"
"333"	"TGTCGCTGCTCC"	"H1"	"1"
"334"	"GAGATGTCTCTT"	"BJ"	"2"
"335"	"TGCACCATATCA"	"H1"	"1"
"336"	"GATAAGCCGTGA"	"BJ"	"2"
"337"	"TGTAGCAACGAG"	"K562"	"3"
"338"	"TTACGGATCGAA"	"H1"	"1"
"339"	"AGCTAGGTCTCA"	"H1"	"1"
"340"	"GTACCCTTTGCT"	"BJ"	"2"
"341"	"TCGGATCATCGC"	"BJ"	"2"
"342"	"CAGTGCCCATCT"	"H1"	"1"
"343"	"TGCACCGGACTC"	"H1"	"1"
"344"	"ATCACAGGCACG"	"GM"	"4"
"345"	"TGGGTATCGATG"	"GM"	"4"
"346"	"AAGCCTGATGCC"	"H1"	"1"
"347"	"GATGCTACCCAA"	"H1"	"1"
"348"	"GCCGCTGCAGGC"	"H1"	"1"
"349"	"TGCTGCGCGCAC"	"BJ"	"2"
"350"	"TGTGATGGTCGA"	"H1"	"1"
"351"	"GCAGCCCCGCTG"	"BJ"	"2"
"352"	"GGTAAACTACCC"	"H1"	"1"
"353"	"GGTCACAACCGT"	"K562"	"3"
"354"	"AACTCAGTTATG"	"BJ"	"2"
"355"	"GGCTCTCGTGGC"	"H1"	"1"
"356"	"CTGGAGGCCCAA"	"BJ"	"2"
"357"	"ACGAGCTAAGTC"	"BJ"	"2"
"358"	"TAGGGGGCGCTC"	"BJ"	"2"
"359"	"ATTGGTCAATTA"	"H1"	"1"
"360"	"TTTTATTGATCT"	"K562"	"3"
"361"	"TCACAGACTTAG"	"BJ"	"2"
"362"	"GCACTTACAGCG"	"H1"	"1"
"363"	"AACTTACAACAG"	"GM"	"4"
"364"	"ACTTCCATACCT"	"GM"	"4"
"365"	"CGAAGAAACCTC"	"BJ"	"2"
"366"	"AAGCTTTCCAAT"	"H1"	"1"
"367"	"CTGATGCATAAA"	"BJ"	"2"
"368"	"AAATACGCCAAG"	"K562"	"3"
"369"	"CTGCAGTACCAG"	"GM"	"4"
"370"	"GGTCATGGTGGT"	"H1"	"1"
"371"	"GGCACAATCGCG"	"H1"	"1"
"372"	"AATTCTTGCCAA"	"GM"	"4"
"373"	"GAGATTCTCTAC"	"GM"	"4"
"374"	"TTTCAAGCAACC"	"GM"	"4"
"375"	"GTGCGGACCACA"	"K562"	"3"
"376"	"TCCTACGACCAA"	"K562"	"3"
"377"	"CCCGGGAAGGTA"	"BJ"	"2"
"378"	"GGATCAAAATGG"	"BJ"	"2"
"379"	"TGGACGCGCTTT"	"BJ"	"2"
"380"	"CCAGATCGAAGA"	"K562"	"3"
"381"	"GTCCAAACGCCT"	"BJ"	"2"
"382"	"TGGGTACGGCCC"	"BJ"	"2"
"383"	"CGCGTGTTCTAT"	"K562"	"3"
"384"	"CGTCAACAGTGT"	"BJ"	"2"
"385"	"TAAGAGGGCTAC"	"H1"	"1"
"386"	"AACCCACGTGGT"	"K562"	"3"
"387"	"CTGGGCTCTTTA"	"H1"	"1"
"388"	"TAGTTCCGCCTG"	"BJ"	"2"
"389"	"GCACACTTCGAA"	"H1"	"1"
"390"	"TAGTAAATATTG"	"H1"	"1"
"391"	"TTGACATCTTAA"	"K562"	"3"
"392"	"GTACTGATCCGA"	"BJ"	"2"
"393"	"GTGCTGTGTAAG"	"BJ"	"2"
"394"	"CTGCCAGAAAAT"	"H1"	"1"
"395"	"CCATTAGCGACA"	"BJ"	"2"
"396"	"GCTACCCCAACA"	"BJ"	"2"
"397"	"CGTTCGATTCCG"	"H1"	"1"
"398"	"GAACCGTCAAAC"	"H1"	"1"
"399"	"AGATGATCCGGC"	"H1"	"1"
"400"	"GTCATCGGTCCA"	"BJ"	"2"
"401"	"GTTAAAGCGAGG"	"GM"	"4"
"402"	"CGCAGCTATCAT"	"K562"	"3"
"403"	"CTTGAGCACTAG"	"BJ"	"2"
"404"	"ACTCTGCCGCGA"	"BJ"	"2"
"405"	"ACTTACAGCGTG"	"K562"	"3"
"406"	"TTTACTTTGTGG"	"K562"	"3"
"407"	"CCGCCTCCGGAT"	"GM"	"4"
"408"	"TCAGCGTACTTC"	"BJ"	"2"
"409"	"GATCCCTTGGTA"	"K562"	"3"
"410"	"CAAGGCTGAACT"	"BJ"	"2"
"411"	"CGATGCCGAGAA"	"K562"	"3"
"412"	"CCACTTAGAGAC"	"K562"	"3"
"413"	"CTTCTAAAGACG"	"H1"	"1"
"414"	"GAGTCGCTAGGA"	"BJ"	"2"
"415"	"AGGAAATTCCCG"	"BJ"	"2"
"416"	"AACAAAATGGAA"	"H1"	"1"
"417"	"TTTGCGGCGTTG"	"BJ"	"2"
"418"	"AGATGCAATCCT"	"K562"	"3"
"419"	"GCGATCCGGTGA"	"BJ"	"2"
"420"	"GCCCCCAAATAG"	"BJ"	"2"
"421"	"CAAGTTAGGTCC"	"K562"	"3"
"422"	"CCACCCATAAGG"	"H1"	"1"
"423"	"CTGCTACATTCA"	"K562"	"3"
"424"	"TGCACCACCACA"	"BJ"	"2"
"425"	"GCCCGCTGGGGT"	"K562"	"3"
"426"	"CGTGGAGCTATT"	"K562"	"3"
"427"	"TTCTTCACCTTC"	"BJ"	"2"
"428"	"TACTTTGCAGGT"	"BJ"	"2"
"429"	"TGTGGAGATTCC"	"GM"	"4"
"430"	"TTTGGTGGTCCA"	"GM"	"4"
"431"	"CGTCTTTTCTGT"	"BJ"	"2"
"432"	"CCGGTTCTCGCA"	"BJ"	"2"
"433"	"GCGCCCCGCTGC"	"BJ"	"2"
"434"	"TAAGTGCGGCAT"	"GM"	"4"
"435"	"GCCGCCGCTATT"	"BJ"	"2"
"436"	"GGCAGTCATCCA"	"K562"	"3"
"437"	"CCCTCTACGATT"	"GM"	"4"
"438"	"GGGCGCCCTGAT"	"K562"	"3"
"439"	"GAGGGACAGCCG"	"K562"	"3"
"440"	"CACGCCAACTCT"	"GM"	"4"
"441"	"TTCTACGCAAAG"	"BJ"	"2"
"442"	"GTAGCAACGCGG"	"BJ"	"2"
"443"	"TCAAATGTTGGC"	"H1"	"1"
"444"	"CGAGCTGTTATC"	"BJ"	"2"
"445"	"AACTGATGGCTA"	"H1"	"1"
"446"	"GTCGCATAACAG"	"BJ"	"2"
"447"	"CAACTTGGAAAT"	"GM"	"4"
"448"	"AACGTACGAACC"	"H1"	"1"
"449"	"CACTCGGATAAT"	"H1"	"1"
"450"	"AACAAACGACCA"	"BJ"	"2"
"451"	"GCATGTGGGAAA"	"H1"	"1"
"452"	"AAATATGATAGA"	"BJ"	"2"
"453"	"CAAGACCGAGAA"	"H1"	"1"
"454"	"ACTAGCTCGCGT"	"H1"	"1"
"455"	"CAGTTACGAATG"	"BJ"	"2"
"456"	"ACTCCGCCACAA"	"BJ"	"2"
"457"	"GCTCATGACCCT"	"H1"	"1"
"458"	"CGATCCAGATGA"	"BJ"	"2"
"459"	"AAAGGACTTAGT"	"H1"	"1"
"460"	"ATGTAATTTGTC"	"BJ"	"2"
"461"	"CGTAGTGTGCGA"	"BJ"	"2"
"462"	"GCAACTGTCCCT"	"BJ"	"2"
"463"	"CTAGACCCATTT"	"K562"	"3"
"464"	"GGGGCAGGGACT"	"BJ"	"2"
"465"	"TGCGGGCAGGAG"	"H1"	"1"
"466"	"CACTTCCTTGTT"	"K562"	"3"
"467"	"AGCTAACGGGTA"	"K562"	"3"
"468"	"AAGAAGCCACAG"	"H1"	"1"
"469"	"CAGACTTCTTCG"	"BJ"	"2"
"470"	"GCGCTTACATAT"	"H1"	"1"
"471"	"GTTTCGCTAGGG"	"BJ"	"2"
"472"	"ACCGGTAGCTGA"	"H1"	"1"
"473"	"AAGGTGTCTCCA"	"K562"	"3"
"474"	"CGGCGCGAAGAG"	"K562"	"3"
"475"	"TCGCATCGCTGC"	"K562"	"3"
"476"	"TTTTAATCCTCG"	"H1"	"1"
"477"	"GATTGGCCTCTC"	"H1"	"1"
"478"	"TTCTCGTGTCAA"	"BJ"	"2"
"479"	"CTGACCTTGATG"	"BJ"	"2"
"480"	"TATTATCATCCG"	"BJ"	"2"
"481"	"GTTTATAACACG"	"BJ"	"2"
"482"	"TGGCCTGGCGCG"	"GM"	"4"
"483"	"GAAAGTTTACCC"	"K562"	"3"
"484"	"GTCGAAAGCAGT"	"BJ"	"2"
"485"	"TCGATGTCTGTA"	"H1"	"1"
"486"	"CGGGTGCGTACT"	"GM"	"4"
"487"	"CGTTCGCGCCAA"	"K562"	"3"
"488"	"CTTTTCTATCTC"	"H1"	"1"
"489"	"GAGAAGTGAGTA"	"BJ"	"2"
"490"	"TAGCTTATACCG"	"K562"	"3"
"491"	"CTAACGCTCCCG"	"BJ"	"2"
"492"	"TTAGAAATAGGG"	"H1"	"1"
"493"	"ACACGTTCGGAT"	"GM"	"4"
"494"	"CCGTCCGATACG"	"K562"	"3"
"495"	"TTCCCTGTCCCG"	"K562"	"3"
"496"	"TTGCCGCGAAGC"	"BJ"	"2"
"497"	"TACATTCTGCCC"	"H1"	"1"
"498"	"TATCTACCTAAC"	"BJ"	"2"
"499"	"TCGACTGCGATC"	"GM"	"4"
"500"	"TAGAACACATAC"	"BJ"	"2"
"501"	"TGTTGATGGCAG"	"K562"	"3"
"502"	"CCCGTGTCCGCT"	"BJ"	"2"
"503"	"AACTGTGCTAGT"	"K562"	"3"
"504"	"CAGAGATGTTAG"	"K562"	"3"
"505"	"GACGTTTAGATG"	"H1"	"1"
"506"	"AGGAATTTACAC"	"K562"	"3"
"507"	"CGCGCCTCGGAA"	"GM"	"4"
"508"	"GATAGGTCGCAC"	"BJ"	"2"
"509"	"AACCCTGGCGGA"	"BJ"	"2"
"510"	"ACCATGGCCATC"	"GM"	"4"
"511"	"TTTGCTGACGAA"	"K562"	"3"
"512"	"CCTGGCAAGAGA"	"BJ"	"2"
"513"	"TACTACCTCGTT"	"BJ"	"2"
"514"	"AGCCGTGATGGT"	"H1"	"1"
"515"	"AGTTTGGGCATT"	"H1"	"1"
"516"	"ATCTTGACGGCG"	"K562"	"3"
"517"	"GTGGATGGTCTA"	"K562"	"3"
"518"	"TATTAGGACGCA"	"BJ"	"2"
"519"	"GATTGTTGCAGG"	"K562"	"3"
"520"	"CAGTAAGTCAGT"	"GM"	"4"
"521"	"CGTGTGCAAAGA"	"K562"	"3"
"522"	"CCAGTAACCTTG"	"K562"	"3"
"523"	"ACCCGGGAACGA"	"BJ"	"2"
"524"	"CGTACTTCGGAG"	"K562"	"3"
"525"	"AACCTCACTATA"	"H1"	"1"
"526"	"AGGTCGACGCGT"	"BJ"	"2"
"527"	"GCAGTCTCGGAC"	"BJ"	"2"
"528"	"AAGTTGTTCGCG"	"H1"	"1"
"529"	"CTTGTACAATCT"	"H1"	"1"
"530"	"TCTGAAAGGGCG"	"K562"	"3"
"531"	"ATTCGCAATGCT"	"H1"	"1"
"532"	"CGATTCAGCACT"	"H1"	"1"
"533"	"GTTGAGACTATA"	"BJ"	"2"
"534"	"TGTTTCGGAATT"	"BJ"	"2"
"535"	"GAACACTTGCGT"	"BJ"	"2"
"536"	"GGTTGCATCGTT"	"K562"	"3"
"537"	"CTAGAGGCTAGG"	"BJ"	"2"
"538"	"ATATCCCCTCTT"	"BJ"	"2"
"539"	"CCCACCTTATTT"	"GM"	"4"
"540"	"GACATGCGACTC"	"H1"	"1"
"541"	"CTCGTAAGCGGA"	"K562"	"3"
"542"	"GCATATCCCATC"	"BJ"	"2"
"543"	"GACAATTTAATA"	"BJ"	"2"
"544"	"GATGGTGAGACC"	"BJ"	"2"
"545"	"CTCACACCATGC"	"K562"	"3"
"546"	"AAACGAACGATG"	"BJ"	"2"
"547"	"CGGGCAGCGCTC"	"K562"	"3"
"548"	"GTATCATTTGCA"	"K562"	"3"
"549"	"CGCGGTTAAGAT"	"H1"	"1"
"550"	"GCTCGGAGAATG"	"K562"	"3"
"551"	"GCATAGCACGAG"	"H1"	"1"
"552"	"CTGTCAAATTCC"	"BJ"	"2"
"553"	"TGTTGACTCTCT"	"H1"	"1"
"554"	"TACCCCTGGGCC"	"BJ"	"2"
"555"	"GGGCCGGGGTTC"	"H1"	"1"
"556"	"GAATGCAGTGCG"	"K562"	"3"
"557"	"CAAAGATCAGTG"	"K562"	"3"
"558"	"CCCCTCAGAGCG"	"K562"	"3"
"559"	"TTGAGATTTTTT"	"H1"	"1"
"560"	"TTGCGGTTTAGA"	"GM"	"4"
"561"	"CAGCTCGCTTAT"	"BJ"	"2"
"562"	"GCAAGACGACCT"	"BJ"	"2"
"563"	"TCATCCTCCACG"	"H1"	"1"
"564"	"TCGCTGGCCTGG"	"BJ"	"2"
"565"	"CCCAACCTCATA"	"BJ"	"2"
"566"	"GTATACTGACGT"	"BJ"	"2"
"567"	"CATAGTACATCA"	"K562"	"3"
"568"	"GTGCTTTTTTAA"	"BJ"	"2"
"569"	"TCTGAGATGAGC"	"K562"	"3"
"570"	"GTCATTGTTGAA"	"K562"	"3"
"571"	"GTCGCATTCTGT"	"GM"	"4"
"572"	"CCCCATCGCGTG"	"H1"	"1"
"573"	"ATCGCCACGGGC"	"BJ"	"2"
"574"	"CTTAAGTTGAGT"	"GM"	"4"
"575"	"GTTCTGGTCCTG"	"BJ"	"2"
"576"	"TATCCTATGCCT"	"K562"	"3"
"577"	"GCCTTATGGCGG"	"H1"	"1"
"578"	"GCTTAAATGGCC"	"BJ"	"2"
"579"	"AGGCACACCTCT"	"BJ"	"2"
"580"	"GACGTTCAATCC"	"H1"	"1"
"581"	"GCCTGAATCAAG"	"K562"	"3"
"582"	"AAGACGGTCCTC"	"BJ"	"2"
"583"	"ACAAGAGAATTG"	"BJ"	"2"
"584"	"CAGTCCAATTGG"	"H1"	"1"
"585"	"CTGTGTCACTAG"	"BJ"	"2"
"586"	"TCTCGAGGGTAC"	"BJ"	"2"
"587"	"CTTATGACTCGT"	"BJ"	"2"
"588"	"GCTGAACTAACA"	"H1"	"1"
"589"	"CACGCTTTACTG"	"BJ"	"2"
"590"	"CAGGACATTTTA"	"H1"	"1"
"591"	"AAAACGCCTTTC"	"BJ"	"2"
"592"	"TGCTACGTGTTC"	"H1"	"1"
"593"	"CGGACAAGTTAA"	"BJ"	"2"
"594"	"CCGCTTTACGTA"	"H1"	"1"
"595"	"GTCAATAACAAC"	"GM"	"4"
"596"	"CTCAACCCATTG"	"BJ"	"2"
"597"	"CGCGGTTCTCCG"	"H1"	"1"
"598"	"ATGCGATCTCTG"	"GM"	"4"
"599"	"GTCGCATTCATA"	"K562"	"3"
"600"	"CTATGTACCGGG"	"BJ"	"2"
"601"	"GCCGTTGACGTA"	"BJ"	"2"
"602"	"TCGACACGAAAT"	"H1"	"1"
"603"	"CGACTCACTCGC"	"H1"	"1"
"604"	"CACTTTCGGCAT"	"H1"	"1"
"605"	"GATCCCTTGTGG"	"H1"	"1"
"606"	"CGGTTTGCCCAG"	"BJ"	"2"
"607"	"ACTAAAGGCCTC"	"K562"	"3"
"608"	"GGCAACTGCTTA"	"H1"	"1"
"609"	"GCGACACTGACA"	"K562"	"3"
"610"	"AAGGCCCGCCAC"	"K562"	"3"
"611"	"GTAGGACCGCGT"	"H1"	"1"
"612"	"ACCGTTTCTCTC"	"BJ"	"2"
"613"	"TAAATAGTGTCG"	"BJ"	"2"
"614"	"GACAGGAAATAT"	"BJ"	"2"
"615"	"TCCAAATGGAAC"	"BJ"	"2"
"616"	"CCCTTCCATTTC"	"H1"	"1"
"617"	"ACTTCCCAAAAG"	"K562"	"3"
"618"	"GAGATGGTATGA"	"H1"	"1"
"619"	"GATTACGTTTGT"	"BJ"	"2"
"620"	"ACCAACGATTCG"	"K562"	"3"
"621"	"GACCTCCGCTAA"	"K562"	"3"
"622"	"ACGTATTGCCTT"	"K562"	"3"
"623"	"GGGTATCCTCTA"	"GM"	"4"
"624"	"TATAACGCGGAT"	"K562"	"3"
"625"	"AACCGTTAGGTC"	"K562"	"3"
"626"	"ACGAAATGGTAT"	"K562"	"3"
"627"	"GATAAAAGATGC"	"H1"	"1"
"628"	"CGAGCAACATTA"	"BJ"	"2"
"629"	"TGTAGGGCTCAG"	"H1"	"1"
"630"	"TTAGCGACTTGT"	"K562"	"3"
"631"	"GGAATTAAGTCG"	"K562"	"3"
"632"	"ACATCTAGGTAA"	"H1"	"1"
"633"	"GCTCCAGACATC"	"H1"	"1"
"634"	"GTCCTAGAACTG"	"BJ"	"2"
"635"	"TAGGTCGGATAA"	"H1"	"1"
"636"	"TGGTTACAACGA"	"H1"	"1"
"637"	"AGTGTTAGCTTT"	"GM"	"4"
"638"	"CCTACACTCGGT"	"K562"	"3"
"639"	"AAAACCGGTACC"	"GM"	"4"
"640"	"GTGTGTCGGAGA"	"K562"	"3"
"641"	"GCCAGTCTGGCC"	"K562"	"3"
"642"	"ACAACGTGATCA"	"H1"	"1"
"643"	"TAAAACAGTGCC"	"BJ"	"2"
"644"	"CCAGCATACTCT"	"H1"	"1"
"645"	"CCGCGATTATAG"	"BJ"	"2"
"646"	"TAGAATTGCAGA"	"GM"	"4"
"647"	"ATGTAACTGGTG"	"K562"	"3"
"648"	"GGGTCGCCTTCT"	"BJ"	"2"
"649"	"TAGGGCTCGGAC"	"BJ"	"2"
"650"	"TTATGACAAGAA"	"H1"	"1"
"651"	"ATGACTTACGCA"	"GM"	"4"
"652"	"GCACAACGGGTC"	"H1"	"1"
"653"	"ACCGCTAGCGGA"	"H1"	"1"
"654"	"GCTACACCAGTG"	"GM"	"4"
"655"	"TACGCTTCCAGG"	"K562"	"3"
"656"	"TGCCTCGATGAG"	"GM"	"4"
"657"	"GGCGGCGACTCC"	"BJ"	"2"
"658"	"TATCGCTGCTCC"	"H1"	"1"
"659"	"ACAACCACCAAG"	"K562"	"3"
"660"	"TATGTCCCACGG"	"H1"	"1"
"661"	"TGGGTTAGACGT"	"BJ"	"2"
"662"	"GCGCATATAAGT"	"GM"	"4"
"663"	"GGGCTACAGCTG"	"BJ"	"2"
"664"	"TGAGGTTACTCG"	"H1"	"1"
"665"	"TTCGTATGTTCC"	"K562"	"3"
"666"	"TATTGTCTGTGC"	"H1"	"1"
"667"	"CCTCTAATATCT"	"H1"	"1"
"668"	"TGCACCGAGGCC"	"GM"	"4"
"669"	"TACACCACAGTC"	"K562"	"3"
"670"	"TCATTATCTACT"	"K562"	"3"
"671"	"TTGTACAGCACA"	"GM"	"4"
"672"	"TTCATTATCTGC"	"H1"	"1"
"673"	"GGCGAATGCTAC"	"H1"	"1"
"674"	"CATTGCGATCCT"	"K562"	"3"
"675"	"AACAGTTCCAAC"	"H1"	"1"
"676"	"CAGGTAACCCGG"	"H1"	"1"
"677"	"TACTGCCAGCAC"	"H1"	"1"
"678"	"CCCGTTCGTATC"	"H1"	"1"
"679"	"TTTACAACGTTG"	"BJ"	"2"
"680"	"AGAATTAGAGTA"	"BJ"	"2"
"681"	"AGCGGAAGGCCA"	"H1"	"1"
"682"	"ATATCCCATCAT"	"GM"	"4"
"683"	"CTTACTCGTTCC"	"GM"	"4"
"684"	"AACCCCGGCCAG"	"BJ"	"2"
"685"	"CGACGCCTACGA"	"H1"	"1"
"686"	"TTTCACGACATT"	"K562"	"3"
"687"	"GAATCCTTATGC"	"BJ"	"2"
"688"	"GCAAACCGCCTA"	"GM"	"4"
"689"	"AAGCTGGACGAT"	"H1"	"1"
"690"	"TCGAGAGTTGAG"	"BJ"	"2"
"691"	"AAGGGGCGACTC"	"H1"	"1"
"692"	"GCCTTGCTGGTT"	"H1"	"1"
"693"	"CTGCAAGACGTA"	"BJ"	"2"
"694"	"CCAACCGTAGAT"	"K562"	"3"
"695"	"CGGTATCAGGAA"	"BJ"	"2"
"696"	"GGACGAATCCCA"	"K562"	"3"
"697"	"CGACCATTCTCA"	"BJ"	"2"
"698"	"GCGTCGTCCTAA"	"GM"	"4"
"699"	"CTCCAGAAATAG"	"H1"	"1"
"700"	"TACGGTGAGTGT"	"K562"	"3"
"701"	"AAGCCTGTTGTA"	"H1"	"1"
"702"	"GATGTAGGAGGA"	"H1"	"1"
"703"	"ACCCTGGAGACG"	"H1"	"1"
"704"	"GTTTGGTGGTCG"	"H1"	"1"
"705"	"GAGTCAACGGAA"	"K562"	"3"
"706"	"ACCTGGGGCAAC"	"BJ"	"2"
"707"	"CGGATTGTTATT"	"K562"	"3"
"708"	"TGTTTACGCCTT"	"BJ"	"2"
"709"	"AAGTTCCGAAAT"	"K562"	"3"
"710"	"CCGACGACCCTC"	"BJ"	"2"
"711"	"GAGGGGCTCAAA"	"H1"	"1"
"712"	"GTATTCCGATTA"	"H1"	"1"
"713"	"TATCAAAGCGAG"	"BJ"	"2"
"714"	"CACATGCAGCAC"	"BJ"	"2"
"715"	"CTCACCTCTGAT"	"H1"	"1"
"716"	"TCGGGGCTCATA"	"BJ"	"2"
"717"	"CCCGAATCTATG"	"BJ"	"2"
"718"	"CGGTACATTTGA"	"K562"	"3"
"719"	"ACTTGACTTGGC"	"K562"	"3"
"720"	"ATGGTCCGTAAG"	"GM"	"4"
"721"	"CCAAGTGCCCTA"	"K562"	"3"
"722"	"GTCGACCAATTG"	"BJ"	"2"
"723"	"CTGTCCGACCAT"	"GM"	"4"
"724"	"TGCCTTCTTTGA"	"BJ"	"2"
"725"	"TGTAGATATTGA"	"H1"	"1"
"726"	"AGGTAGCTTGGT"	"BJ"	"2"
"727"	"TTGCCGGAGGGC"	"H1"	"1"
"728"	"GTAGGCTGGAGT"	"K562"	"3"
"729"	"CGACTAGAACCA"	"H1"	"1"
"730"	"GTGCCACACATT"	"BJ"	"2"
"731"	"GACGACATGTTC"	"H1"	"1"
"732"	"GGCTGTACAACA"	"BJ"	"2"
"733"	"AACGGGCCGCCA"	"H1"	"1"
"734"	"AGACGAACCTAT"	"H1"	"1"
"735"	"CGAAGTTTCGTA"	"BJ"	"2"
"736"	"GTTGGGTAACAC"	"H1"	"1"
"737"	"AACACAGGACAT"	"K562"	"3"
"738"	"AAGATTTAGGTA"	"BJ"	"2"
"739"	"AGTTTTATACCT"	"K562"	"3"
"740"	"CAACAAGAGTAC"	"H1"	"1"
"741"	"GGTTACCGTCTT"	"K562"	"3"
"742"	"TGAGTGAATGTT"	"GM"	"4"
"743"	"CTGTAGCCATCC"	"GM"	"4"
"744"	"GGATAGGGCCCC"	"BJ"	"2"
"745"	"TGCACTTCACAT"	"K562"	"3"
"746"	"CGCGATACGGCG"	"BJ"	"2"
"747"	"TGTGCCCGATAG"	"BJ"	"2"
"748"	"CTCTACATCCTC"	"BJ"	"2"
"749"	"TAGTGTCTGGCG"	"BJ"	"2"
"750"	"CAACCCTGTGTC"	"BJ"	"2"
"751"	"AGTTGGGCAGTC"	"K562"	"3"
"752"	"ATTAAGCAGAAC"	"H1"	"1"
"753"	"CTTGCGACACTT"	"K562"	"3"
"754"	"TTCGCTGCGTTT"	"K562"	"3"
"755"	"GTTGAACCGATT"	"BJ"	"2"
"756"	"TCCTTTTTTAGT"	"H1"	"1"
"757"	"GCTAATGCCCAT"	"H1"	"1"
"758"	"GGGCCAAACACC"	"GM"	"4"
"759"	"TCCCTGAGGTTT"	"GM"	"4"
"760"	"TAAGTGCGCTAC"	"H1"	"1"
"761"	"TCGAACCGGTCA"	"H1"	"1"
"762"	"AGTGAACCAGTG"	"BJ"	"2"
"763"	"TAAACACGTAAG"	"K562"	"3"
"764"	"TATAGGCGAATA"	"GM"	"4"
"765"	"AAAATTCGATCA"	"BJ"	"2"
"766"	"GGGAGACGAAGC"	"H1"	"1"
"767"	"TGCATAGCTATC"	"BJ"	"2"
"768"	"ATCCCCCAGGGA"	"H1"	"1"
"769"	"GTTCCGAACGGA"	"H1"	"1"
"770"	"ATCTATATTGAA"	"BJ"	"2"
"771"	"CGGAACTTCCCG"	"K562"	"3"
"772"	"CGTGTAACGTAG"	"BJ"	"2"
"773"	"GCTGTTATGGGA"	"GM"	"4"
"774"	"TCGGGGATCACA"	"BJ"	"2"
"775"	"ATTACTGCAGTC"	"GM"	"4"
"776"	"CTGCGACACTGG"	"BJ"	"2"
"777"	"AAACCGCCATAT"	"BJ"	"2"
"778"	"ACCTTGACATGG"	"BJ"	"2"
"779"	"CTTATGACGGCG"	"K562"	"3"
"780"	"AGTCAGGAACGT"	"GM"	"4"
"781"	"GCCAGCCACTTT"	"GM"	"4"
"782"	"AATTCACGTATG"	"BJ"	"2"
"783"	"TTACACCGCTTG"	"BJ"	"2"
"784"	"GAGTAACATAGG"	"BJ"	"2"
"785"	"TTGATAAGGCTG"	"K562"	"3"
"786"	"AGCCGACGATGC"	"H1"	"1"
"787"	"AGTGGTCTCCAA"	"BJ"	"2"
"788"	"CATAAGCCAGCC"	"GM"	"4"
"789"	"TTACACCTGCAC"	"H1"	"1"
"790"	"ACAAGCTAGGCG"	"BJ"	"2"
"791"	"ACACTGAGCAGG"	"H1"	"1"
"792"	"TCCACCTCACCT"	"H1"	"1"
"793"	"CGGTAGAGCTAT"	"K562"	"3"
"794"	"ATTTGGCTACAA"	"GM"	"4"
"795"	"TCAGCTTCGGAC"	"H1"	"1"
"796"	"CTTGCCGCCATT"	"GM"	"4"
"797"	"AAGCCCTAGACC"	"BJ"	"2"
"798"	"ACAATTGCCTAC"	"H1"	"1"
"799"	"CTTAGTCTGAGA"	"BJ"	"2"
"800"	"AGGACGATTGTT"	"GM"	"4"
"801"	"GGGAGTTAAACC"	"BJ"	"2"
"802"	"ACTTGTTAGTCT"	"GM"	"4"
"803"	"ATCGTTGGGCTG"	"H1"	"1"
"804"	"ACGAACGCGCTT"	"H1"	"1"
"805"	"CCAAATTACCGG"	"K562"	"3"
"806"	"CTTTTAGGTCGG"	"BJ"	"2"
"807"	"ATCAGCTTGAAA"	"BJ"	"2"
"808"	"ATAGTACCCTCC"	"GM"	"4"
"809"	"GCGTGGTTACGC"	"K562"	"3"
"810"	"GTAGTTCCGTTG"	"GM"	"4"
"811"	"CGTCCTTAGATC"	"BJ"	"2"
"812"	"GGAGTATAAACT"	"BJ"	"2"
"813"	"GTAAATTACTGG"	"BJ"	"2"
"814"	"TCGCAAGCACTC"	"K562"	"3"
"815"	"ATGTGAGGGTGG"	"K562"	"3"
"816"	"CCTTGTTCATTT"	"H1"	"1"
"817"	"GTTGTCATTATC"	"GM"	"4"
"818"	"CAGAGCAACTTT"	"BJ"	"2"
"819"	"CTCGTTCTGTAA"	"H1"	"1"
"820"	"GTGGATGATCAC"	"BJ"	"2"
"821"	"TGGGTAGTGCCG"	"K562"	"3"
"822"	"GATCTCCACAGG"	"GM"	"4"
"823"	"CGACCGACTTTC"	"H1"	"1"
"824"	"GCTAACCTTATC"	"GM"	"4"
"825"	"GGTGCCTACAGT"	"K562"	"3"
"826"	"CGATTGTTAGCT"	"BJ"	"2"
"827"	"GGCTGCCACACT"	"BJ"	"2"
"828"	"TCGTCGGCACTT"	"H1"	"1"
"829"	"CGAGATGTCGCA"	"K562"	"3"
"830"	"CTTGACAGTCTG"	"GM"	"4"
"831"	"GTAATATGATGC"	"GM"	"4"
"832"	"AGCACCGTATTT"	"H1"	"1"
"833"	"ATCTGATACGTG"	"H1"	"1"
"834"	"GGGACAATCCGT"	"K562"	"3"
"835"	"GGGTGCTCGGTT"	"H1"	"1"
"836"	"AGTATACCTGAG"	"K562"	"3"
"837"	"ATTTGTTGAGCA"	"H1"	"1"
"838"	"TTTTAACGAGAG"	"K562"	"3"
"839"	"CCACCGAGCAAA"	"H1"	"1"
"840"	"GGCGGATACACG"	"H1"	"1"
"841"	"AGCGTTGCGAGC"	"K562"	"3"
"842"	"CCCCAGCATAGG"	"H1"	"1"
"843"	"AAACGAAAAGTC"	"K562"	"3"
"844"	"AGTGTTACCCTG"	"H1"	"1"
"845"	"CCCGGCTTTTGG"	"BJ"	"2"
"846"	"AGCCAATACCCT"	"BJ"	"2"
"847"	"ATCGCGTGTATC"	"H1"	"1"
"848"	"CATGTCCCGGCC"	"H1"	"1"
"849"	"CTGGTTAGTCAC"	"GM"	"4"
"850"	"CGGAGGAGGCTA"	"K562"	"3"
"851"	"GGATACGAAATA"	"H1"	"1"
"852"	"CGAGCGGATAAG"	"K562"	"3"
"853"	"GGGCTATCTGAC"	"GM"	"4"
"854"	"TTCAGGGAGTTT"	"H1"	"1"
"855"	"ATATTTTGCTAT"	"H1"	"1"
"856"	"CACATCGCATCG"	"BJ"	"2"
"857"	"GTGAGCTAGAGA"	"K562"	"3"
"858"	"CTCAGTGAGATG"	"GM"	"4"
"859"	"CTTACCAGAGGT"	"K562"	"3"
"860"	"GGAGTGGGATGC"	"K562"	"3"
"861"	"TCTGAGTTAACC"	"BJ"	"2"
"862"	"CATAAGGTCGTT"	"BJ"	"2"
"863"	"GGTGTTTCCAGC"	"K562"	"3"
"864"	"GTGACTTCAAAT"	"BJ"	"2"
"865"	"TTCCGTTTGAGT"	"BJ"	"2"
"866"	"CCTGTGATAAGG"	"K562"	"3"
"867"	"CCTTCGCTGCCG"	"H1"	"1"
"868"	"GGAGCTGTTAGA"	"H1"	"1"
"869"	"CGCAGAGAAGCC"	"BJ"	"2"
"870"	"GTCACTTGATCA"	"GM"	"4"
"871"	"TAACTTATGCCA"	"H1"	"1"
"872"	"AAAGGGCCAAAG"	"BJ"	"2"
"873"	"TTAGCTTTGTAT"	"GM"	"4"
"874"	"CTGCAGTAATAA"	"BJ"	"2"
"875"	"ACACCCAATATT"	"BJ"	"2"
"876"	"CGTATTCCAAGG"	"BJ"	"2"
"877"	"ACGTTCCGAGAA"	"GM"	"4"
"878"	"CTACCCTTTGAA"	"GM"	"4"
"879"	"GAATCGTTAAGG"	"BJ"	"2"
"880"	"GCCAACGAAATA"	"H1"	"1"
"881"	"AATCTATGTCGC"	"GM"	"4"
"882"	"AGGATAAGTTAT"	"BJ"	"2"
"883"	"TGTCAAGTTTAA"	"H1"	"1"
"884"	"ACGCGCACCGGT"	"H1"	"1"
"885"	"GGACTAATGCGT"	"GM"	"4"
"886"	"AAGGCTTGCTGC"	"GM"	"4"
"887"	"CGCTAAAATGCT"	"BJ"	"2"
"888"	"ACACTCTGTTGC"	"BJ"	"2"
"889"	"ATTGTTGACTAA"	"H1"	"1"
"890"	"CCCCTCACAGTT"	"K562"	"3"
"891"	"TAAGCTCTTAAG"	"H1"	"1"
"892"	"CGCTACGCTGTA"	"H1"	"1"
"893"	"AGACCGCCATCA"	"GM"	"4"
"894"	"CGCTCGGGTGAG"	"K562"	"3"
"895"	"ATAATGGTTGTC"	"GM"	"4"
"896"	"CTACTGCCCCCA"	"GM"	"4"
"897"	"TTGCCGCGACAC"	"K562"	"3"
"898"	"GAAGAGCCATGC"	"BJ"	"2"
"899"	"TTCGGGCTCTAC"	"GM"	"4"
"900"	"CTCAGGCTGTTC"	"GM"	"4"
"901"	"CGAAGCCAGGCA"	"GM"	"4"
"902"	"CGTGTTACGCAC"	"K562"	"3"
"903"	"GCCCTGACAACC"	"GM"	"4"
"904"	"CTCGCCCGATGT"	"K562"	"3"
"905"	"GCTCTAGCGCTG"	"GM"	"4"
"906"	"GAGTTGCGAGTG"	"GM"	"4"
"907"	"TTCCCTGGCGAG"	"K562"	"3"
"908"	"GCCGTCACGATC"	"GM"	"4"
"909"	"ATAGGTGACATA"	"BJ"	"2"
"910"	"CCACCGATGCAT"	"BJ"	"2"
"911"	"ATCGGCCTGGTT"	"H1"	"1"
"912"	"CACGCATGCGCA"	"GM"	"4"
"913"	"CTTTGACGGGTA"	"GM"	"4"
"914"	"CGCCCCGAGATT"	"H1"	"1"
"915"	"TCACATGACAGC"	"H1"	"1"
"916"	"GACCTCGGGGTT"	"GM"	"4"
"917"	"ATTGCAAGCGCG"	"GM"	"4"
"918"	"CATGAAACTTGT"	"GM"	"4"
"919"	"GACGATATCCCG"	"GM"	"4"
"920"	"ATATCAGCCAGA"	"BJ"	"2"
"921"	"CGCGCGGGGCTG"	"BJ"	"2"
"922"	"CTCTCAGGACTC"	"BJ"	"2"
"923"	"TAGATGGTCCGG"	"H1"	"1"
"924"	"ACAATCCGTCTG"	"H1"	"1"
"925"	"TCGCGAGGTGTC"	"BJ"	"2"
"926"	"CTGGACGGGCGC"	"BJ"	"2"
"927"	"CGCGCAACCGAA"	"H1"	"1"
"928"	"GGTCATCAGACA"	"H1"	"1"
"929"	"CCGATAAGAGCC"	"GM"	"4"
"930"	"TGAGAGTGGACT"	"GM"	"4"
"931"	"TTCGCGCTCGGA"	"GM"	"4"
"932"	"CGGTATGGGTGC"	"H1"	"1"
"933"	"GAGTACTAGAGT"	"BJ"	"2"
"934"	"TTAGGGCTTGGC"	"H1"	"1"
"935"	"AGGAAGAAACCA"	"K562"	"3"
"936"	"GCAATCATAGTG"	"BJ"	"2"
"937"	"ATAACCAAAAGA"	"K562"	"3"
"938"	"GAGTAATTCTGT"	"K562"	"3"
"939"	"CCACTCAACACC"	"GM"	"4"
"940"	"TGTAGCAGCTGC"	"H1"	"1"
"941"	"GGAGTTACCGAG"	"BJ"	"2"
"942"	"AGAAGTTAGACA"	"BJ"	"2"
"943"	"GCGTTATTCTTG"	"GM"	"4"
"944"	"TCTAACTGCGAG"	"BJ"	"2"
"945"	"GGCGTGGTCATG"	"BJ"	"2"
"946"	"GGGTCAAAGCCA"	"H1"	"1"
"947"	"CGGGTGGGATCC"	"H1"	"1"
"948"	"CTAGCACAAATC"	"H1"	"1"
"949"	"GTCCTCCTCCGC"	"GM"	"4"
"950"	"TATTGTGGCTTT"	"H1"	"1"
"951"	"TAGTCAGTCGTG"	"BJ"	"2"
"952"	"ACGACCTCGAAC"	"GM"	"4"
"953"	"CAGACCCTGACA"	"BJ"	"2"
"954"	"TTTTTTTGGTAG"	"H1"	"1"
"955"	"GTCTTTCGGCCC"	"BJ"	"2"
"956"	"GAGTTGGGGATG"	"BJ"	"2"
"957"	"GTAATTGGTGGC"	"K562"	"3"
"958"	"TGTTCGTGACTG"	"BJ"	"2"
"959"	"TGGAATCCGTAG"	"GM"	"4"
"960"	"GCCCGGGGCAAC"	"GM"	"4"
"961"	"GGGTCGATTGTT"	"H1"	"1"
"962"	"AATTTGGGAGCA"	"K562"	"3"
"963"	"GACTTTCCGTAC"	"K562"	"3"
"964"	"GGCTTCCCTTCG"	"K562"	"3"
"965"	"GAGTGGGGCCCT"	"GM"	"4"
"966"	"CAGCCCCAAGGC"	"GM"	"4"
"967"	"CATATACATAAA"	"H1"	"1"
"968"	"TACCGACAATAG"	"H1"	"1"
"969"	"CACTGAAGGACC"	"BJ"	"2"
"970"	"AGTGAAGATGGC"	"GM"	"4"
"971"	"CTTATCATAGTA"	"H1"	"1"
"972"	"TTCGGTACAGTG"	"GM"	"4"
"973"	"TCCCTATTATCG"	"BJ"	"2"
"974"	"CAGTGCACTTGC"	"H1"	"1"
"975"	"GAATTGCCCGTA"	"BJ"	"2"
"976"	"AATCCCACTAAT"	"BJ"	"2"
"977"	"GGTAAGCGGTAC"	"BJ"	"2"
"978"	"TGACTAAGAGTC"	"H1"	"1"
"979"	"GAGGGCCCTATG"	"K562"	"3"
"980"	"GAAAGAACGAAG"	"BJ"	"2"
"981"	"TCACCTTGCTAT"	"GM"	"4"
"982"	"ACGGCCTCCAAG"	"H1"	"1"
"983"	"CGCGGTCGTCTC"	"H1"	"1"
"984"	"ACCGTTGGGGCT"	"BJ"	"2"
"985"	"GTTCTATTCCGG"	"BJ"	"2"
"986"	"GGCGCGTGAGCA"	"GM"	"4"
"987"	"ACGGACAGTATT"	"GM"	"4"
"988"	"TCCCAACTCAAG"	"BJ"	"2"
"989"	"CAGCGTCTGGTC"	"BJ"	"2"
"990"	"GGTGAACGTCTC"	"BJ"	"2"
"991"	"AATTTGTACATG"	"GM"	"4"
"992"	"CCGGCGTGCCCG"	"K562"	"3"
"993"	"GGGAGAACGATC"	"K562"	"3"
"994"	"TGTTCATAGGAC"	"GM"	"4"
"995"	"ATTAACACGGGG"	"BJ"	"2"
"996"	"ATCGTTGACTTC"	"H1"	"1"
"997"	"CAAAAAGCCCAC"	"H1"	"1"
"998"	"ACGGACGATTCA"	"K562"	"3"
"999"	"ACGCAGGAAGCG"	"BJ"	"2"
"1000"	"GCGAGGCCCTGA"	"BJ"	"2"
"1001"	"CTTTTATAATGT"	"BJ"	"2"
"1002"	"TAGCCCGGTCCC"	"GM"	"4"
"1003"	"TTCTAGCAGCCA"	"H1"	"1"
"1004"	"ACAGTTTAGAAA"	"BJ"	"2"
"1005"	"GTTCCGCCACTC"	"GM"	"4"
"1006"	"AGTACCGATTGG"	"H1"	"1"
"1007"	"AGAAATACATTA"	"BJ"	"2"
"1008"	"GGCCGCCCGGGG"	"BJ"	"2"
"1009"	"TTCCCCTACAAC"	"BJ"	"2"
"1010"	"TGTAATCATCTG"	"BJ"	"2"
"1011"	"ACATAAATTAGT"	"H1"	"1"
"1012"	"ATAGTGCTCGCC"	"H1"	"1"
"1013"	"GTTCTTCCTAGT"	"BJ"	"2"
"1014"	"ATCCGTTCAACG"	"BJ"	"2"
"1015"	"CCGACTAAGAAT"	"K562"	"3"
"1016"	"AAGCCTGGGGGC"	"BJ"	"2"
"1017"	"CAGCTGGTGATG"	"BJ"	"2"
